,compound,date,neg,neu,pos,source_account,text,tweets_ago
0,0.5267,2018-29-03 04:32:05,0.0,0.794,0.206,@BBCNews,"RT @The_ChrisShaw: The might of the @BBCNews investigative journalistic talent lands the scoop of the century.

Meanwhile, Brexit collapses‚Ä¶",0
1,0.0,2018-29-03 04:30:56,0.0,1.0,0.0,@BBCNews,"RT @BBCNews: Thursday's Express: ""One year to Brexit"" #tomorrowspaperstoday #bbcpapers (via @hendopolis) https://t.co/ZaadHJsfyK",1
2,-0.6908,2018-29-03 04:30:55,0.17,0.83,0.0,@BBCNews,"RT @KTHopkins: If 100 Pakistani Muslim men rape our children the @BBCNews uses the term ‚ÄúAsian‚Äù - throwing Sikhs, India &amp; half of Taiwan un‚Ä¶",2
3,0.0516,2018-29-03 04:30:48,0.127,0.704,0.169,@BBCNews,@BBCNews She knows full well that she &amp; her nasty party have divided the country. It's the way they control us. Div‚Ä¶ https://t.co/kMBc3Mdcd5,3
4,0.0,2018-29-03 04:30:22,0.0,1.0,0.0,@BBCNews,RT @Brown666W: @BBCNews Says separatist tearing NI and Scotland out the European Union against their will. #Mayhem #UKShambles https://t.co‚Ä¶,4
5,0.0,2018-29-03 04:30:16,0.0,1.0,0.0,@BBCNews,"@BBCNews NHS bosses reduce your headcount, spend the money on medical staff, beds and re-use the office space.",5
6,0.0,2018-29-03 04:29:42,0.0,1.0,0.0,@BBCNews,RT @BBCNews: We've not got enough beds or staff - NHS bosses https://t.co/Bvfm6XImb8,6
7,-0.6908,2018-29-03 04:29:28,0.17,0.83,0.0,@BBCNews,"RT @KTHopkins: If 100 Pakistani Muslim men rape our children the @BBCNews uses the term ‚ÄúAsian‚Äù - throwing Sikhs, India &amp; half of Taiwan un‚Ä¶",7
8,-0.4005,2018-29-03 04:29:19,0.27,0.73,0.0,@BBCNews,RT @BBCNews: 'Deeply sorry' Christine Shawcroft quits as Labour disputes chief https://t.co/J5agmTRErT,8
9,0.0,2018-29-03 04:28:36,0.0,1.0,0.0,@BBCNews,"RT @TeresaHantschke: Steven Woolfe has sent letters to the Prime Minister Teresa May, and the Secretary of State for Health and Social Care‚Ä¶",9
10,0.0,2018-29-03 04:28:28,0.0,1.0,0.0,@BBCNews,RT @BBCNews: MPs to probe Russian money laundering through UK property https://t.co/fcDkQ6QzYw,10
11,-0.25,2018-29-03 04:28:10,0.154,0.732,0.114,@BBCNews,"RT @stevenjbarnett: Aussie ball tampering gets the full 2 minute package on @BBCNews.

Astounding allegations of electoral fraud in the UK'‚Ä¶",11
12,0.0,2018-29-03 04:27:56,0.0,1.0,0.0,@BBCNews,#germany @POLITICOEurope #Poland #europe @getongab @Paul_T8319 @UKMoments @TwitterDE @DailyTickNews @BBCNews‚Ä¶ https://t.co/rOODDSAZK8,12
13,0.0,2018-29-03 04:27:36,0.0,1.0,0.0,@BBCNews,"RT @HuntedTeamNick: Chris Wylie is Cambridge Analytica's Whistleblower.

We now need a @BBCNews Whistleblower, to tell us why they aren't A‚Ä¶",13
14,-0.6908,2018-29-03 04:27:16,0.17,0.83,0.0,@BBCNews,"RT @KTHopkins: If 100 Pakistani Muslim men rape our children the @BBCNews uses the term ‚ÄúAsian‚Äù - throwing Sikhs, India &amp; half of Taiwan un‚Ä¶",14
15,0.0,2018-29-03 04:27:01,0.0,1.0,0.0,@BBCNews,@allthreeofthem @BBCMarkEaston @BBCNews Was he suitable for open conditions many years ago? But being a vulnerable‚Ä¶ https://t.co/WaQupFc612,15
16,-0.6908,2018-29-03 04:26:29,0.17,0.83,0.0,@BBCNews,"RT @KTHopkins: If 100 Pakistani Muslim men rape our children the @BBCNews uses the term ‚ÄúAsian‚Äù - throwing Sikhs, India &amp; half of Taiwan un‚Ä¶",16
17,0.0,2018-29-03 04:26:26,0.0,1.0,0.0,@BBCNews,@BBCNews How?,17
18,-0.6908,2018-29-03 04:26:18,0.17,0.83,0.0,@BBCNews,"RT @KTHopkins: If 100 Pakistani Muslim men rape our children the @BBCNews uses the term ‚ÄúAsian‚Äù - throwing Sikhs, India &amp; half of Taiwan un‚Ä¶",18
19,0.0,2018-29-03 04:26:09,0.0,1.0,0.0,@BBCNews,@BBCNews @BBCPolitics @BBCr4today https://t.co/CayIONv5Gx,19
20,0.0,2018-29-03 04:25:59,0.0,1.0,0.0,@BBCNews,@BBCNews live in west london this is evident,20
21,0.0,2018-29-03 04:25:58,0.0,1.0,0.0,@BBCNews,RT @joannaccherry: Is it just me or do @BBCNews seem curiously disinterested in the developing #CambridgeAnalytica story? Big evidence sess‚Ä¶,21
22,0.0,2018-29-03 04:25:54,0.0,1.0,0.0,@BBCNews,RT @CrackingLeaders: @BBCNews @BBCNewsbeat @thismorning @cancerrev @DancingTheMind @HTFmedia @SchofeOnWine @hollywills SO frustrating..NHS‚Ä¶,22
23,0.0,2018-29-03 04:25:37,0.0,1.0,0.0,@BBCNews,RT @joannaccherry: Is it just me or do @BBCNews seem curiously disinterested in the developing #CambridgeAnalytica story? Big evidence sess‚Ä¶,23
24,0.0,2018-29-03 04:25:28,0.0,1.0,0.0,@BBCNews,RT @BBCNews: MPs to probe Russian money laundering through UK property https://t.co/fcDkQ6QzYw,24
25,-0.6369,2018-29-03 04:25:18,0.259,0.741,0.0,@BBCNews,RT @BBCNews: FA sex abuse inquiry: Clive Sheldon QC may target clubs https://t.co/6fgVQqG2kj,25
26,0.0,2018-29-03 04:25:16,0.0,1.0,0.0,@BBCNews,RT @BBCNews: We've not got enough beds or staff - NHS bosses https://t.co/Bvfm6XImb8,26
27,0.34,2018-29-03 04:25:11,0.0,0.745,0.255,@BBCNews,RT @BBCNews: Passport officials in security blunder https://t.co/0EbcsQQ6Vm,27
28,0.0,2018-29-03 04:24:57,0.0,1.0,0.0,@BBCNews,@BBCBreaking @BBCNews when you dont hv even food to eat for 2 times a day then u can think wat can happenüò£,28
29,-0.6908,2018-29-03 04:24:45,0.17,0.83,0.0,@BBCNews,"RT @KTHopkins: If 100 Pakistani Muslim men rape our children the @BBCNews uses the term ‚ÄúAsian‚Äù - throwing Sikhs, India &amp; half of Taiwan un‚Ä¶",29
30,-0.8957,2018-29-03 04:24:45,0.702,0.298,0.0,@BBCNews,RT @BBCNews: Teenager arrested after hoax bomb threat https://t.co/C4lYzSc9iK,30
31,0.0,2018-29-03 04:24:35,0.0,1.0,0.0,@BBCNews,@BBCBreaking @BBCNews #victimsofcommunism,31
32,0.0,2018-29-03 04:24:32,0.0,1.0,0.0,@BBCNews,"RT @JulieOwenMoylan: Someone should tell the @BBCNews there‚Äôs been ball tampering in the EU referendum.
They‚Äôd be all over it..üôÑ",32
33,-0.5267,2018-29-03 04:24:07,0.266,0.605,0.129,@BBCNews,@redbham @JoBussey @CIA_AGENT_ @KTHopkins @BBCNews @TheRebelTV Enjoy the sick cult of islam &amp; the pervert prophet c‚Ä¶ https://t.co/UlLwp1fxk1,33
34,0.5859,2018-29-03 04:23:45,0.0,0.696,0.304,@BBCNews,Can we please all agree to #BoycottBBC now? @BBC @BBCNews #BoycottBBCLicenseFee #FuckTheBBC‚Ä¶ https://t.co/fFIDarNAsW,34
35,-0.6908,2018-29-03 04:23:37,0.17,0.83,0.0,@BBCNews,"RT @KTHopkins: If 100 Pakistani Muslim men rape our children the @BBCNews uses the term ‚ÄúAsian‚Äù - throwing Sikhs, India &amp; half of Taiwan un‚Ä¶",35
36,0.0,2018-29-03 04:22:48,0.0,1.0,0.0,@BBCNews,@AsYouNotWish @MamataOfficial @derekobrienmp @RahulGandhi @narendramodi @PMOIndia @HMOIndia @rajnathsingh‚Ä¶ https://t.co/itcM4bXnNz,36
37,0.4767,2018-29-03 04:22:25,0.094,0.681,0.226,@BBCNews,Love the update bar running across the screen on @BBCNews  ' * Ghostly galaxy may be missing dark matter' followed‚Ä¶ https://t.co/g3KkXmAAus,37
38,-0.7783,2018-29-03 04:21:59,0.694,0.306,0.0,@BBCNews,@BBCNews Fuck of you liar,38
39,-0.3182,2018-29-03 04:21:56,0.108,0.892,0.0,@BBCNews,"@BBCNews Bizarre,  given that, due to writing themselves out of the Law, MPs are not subject to money laundering regulations.",39
40,-0.6908,2018-29-03 04:21:54,0.17,0.83,0.0,@BBCNews,"RT @KTHopkins: If 100 Pakistani Muslim men rape our children the @BBCNews uses the term ‚ÄúAsian‚Äù - throwing Sikhs, India &amp; half of Taiwan un‚Ä¶",40
41,-0.4588,2018-29-03 04:21:46,0.231,0.769,0.0,@BBCNews,@BBCBreaking @BBCNews heart breaking to see their non ending economic troubles.,41
42,0.0,2018-29-03 04:21:41,0.0,1.0,0.0,@BBCNews,@BBCNews Says separatist tearing NI and Scotland out the European Union against their will. #Mayhem #UKShambles https://t.co/qLkOEQtPvn,42
43,-0.4005,2018-29-03 04:21:32,0.27,0.73,0.0,@BBCNews,RT @BBCNews: 'Deeply sorry' Christine Shawcroft quits as Labour disputes chief https://t.co/J5agmTRErT,43
44,-0.7003,2018-29-03 04:21:30,0.195,0.805,0.0,@BBCNews,"RT @reb_les: This is where we are at today.
Tommy Robinson is banned from twitter &amp; @SkyNews @BBCNews and other useless MSM are all over it‚Ä¶",44
45,-0.4588,2018-29-03 04:21:24,0.3,0.7,0.0,@BBCNews,RT @BBCNews: Tommy Robinson banned from Twitter https://t.co/zlF1BKVQHV,45
46,0.4767,2018-29-03 04:21:24,0.077,0.737,0.186,@BBCNews,RT @BenPBradshaw: Dear @BBCNews All your trails for tomorrow's #Brexit one year to go special assume a done deal. There's no deal yet &amp; Par‚Ä¶,46
47,0.0,2018-29-03 04:20:48,0.0,1.0,0.0,@BBCNews,RT @BBCNews: We've not got enough beds or staff - NHS bosses https://t.co/Bvfm6XImb8,47
48,0.0,2018-29-03 04:20:35,0.0,1.0,0.0,@BBCNews,RT @BBCNews: MPs to probe Russian money laundering through UK property https://t.co/fcDkQ6QzYw,48
49,-0.6908,2018-29-03 04:19:58,0.17,0.83,0.0,@BBCNews,"RT @KTHopkins: If 100 Pakistani Muslim men rape our children the @BBCNews uses the term ‚ÄúAsian‚Äù - throwing Sikhs, India &amp; half of Taiwan un‚Ä¶",49
50,0.0,2018-29-03 04:19:54,0.0,1.0,0.0,@BBCNews,@savagelywriting @campbellclaret @BBCNews You‚Äôd rather a dictatorship then?,50
51,0.4939,2018-29-03 04:19:48,0.0,0.842,0.158,@BBCNews,RT @cw4t7abs: @Reuters @davidshepardson Turd with not Nuff battery @BBCWorld @BBCNews @ElonMuskNewsOrg @elonmusk needs to  innovate to real‚Ä¶,51
52,0.25,2018-29-03 04:19:41,0.093,0.772,0.134,@BBCNews,RT @BBCNews: SNP leader in Westminster @IanBlackfordMP asks PM if transparency in political campaign spending is critical to public trust i‚Ä¶,52
53,0.0,2018-29-03 04:19:31,0.0,1.0,0.0,@BBCNews,@WMDivision @KavitaFrary @dtrmcr @NickBoles @BrandonLewis @AndrewRosindell @theresa_may @UKCivilService @BBCNews‚Ä¶ https://t.co/aVDimvkR2l,53
54,-0.6908,2018-29-03 04:19:28,0.17,0.83,0.0,@BBCNews,"RT @KTHopkins: If 100 Pakistani Muslim men rape our children the @BBCNews uses the term ‚ÄúAsian‚Äù - throwing Sikhs, India &amp; half of Taiwan un‚Ä¶",54
55,0.0,2018-29-03 04:19:26,0.0,1.0,0.0,@BBCNews,@Reuters @davidshepardson Turd with not Nuff battery @BBCWorld @BBCNews @ElonMuskNewsOrg @elonmusk needs to  innova‚Ä¶ https://t.co/EsHBSHezPd,55
56,0.4019,2018-29-03 04:19:22,0.0,0.769,0.231,@BBCNews,@MailOnlineVideo @BBCNews @SkyNewsBreak @itvnews @LondonNewsUK @MailOnline If still needed yes,56
57,0.0,2018-29-03 04:19:15,0.0,1.0,0.0,@BBCNews,@sampson_ken @StuartBudd1 @hollowornate @BenPBradshaw @BestForBritain @BBCNews Naaah... we'll do 40 years now. For‚Ä¶ https://t.co/fBlmQYVLIr,57
58,0.0,2018-29-03 04:19:13,0.0,1.0,0.0,@BBCNews,@itvmeridian @BBCNews @SkyNewsBreak @itvnews @LondonNewsUK If still needed,58
59,-0.3182,2018-29-03 04:19:07,0.095,0.905,0.0,@BBCNews,"RT @superEUgirl: Hi @BBCNews 
#EUsupergirl has just been made ""Young European of the Year"" for her pro #EU and anti #Brexit campaigning.
I‚Ä¶",59
60,0.0,2018-29-03 04:18:55,0.0,1.0,0.0,@BBCNews,@XKysx @KTHopkins @BBCNews @TheRebelTV Bit too much of a generalisation don‚Äôt you think ?,60
61,0.0,2018-29-03 04:18:24,0.0,1.0,0.0,@BBCNews,"@SE25A @StuartBudd1 @sampson_ken @hollowornate @BenPBradshaw @BestForBritain @BBCNews Ken, is it still cold in your bot farm basement?",61
62,-0.6908,2018-29-03 04:18:17,0.17,0.83,0.0,@BBCNews,"RT @KTHopkins: If 100 Pakistani Muslim men rape our children the @BBCNews uses the term ‚ÄúAsian‚Äù - throwing Sikhs, India &amp; half of Taiwan un‚Ä¶",62
63,0.5664,2018-29-03 04:17:28,0.0,0.75,0.25,@BBCNews,"RT @StuartBudd1: @sampson_ken @hollowornate @BenPBradshaw @BestForBritain @BBCNews Interestingly, the UK has not lost it's Sovereignty, but‚Ä¶",63
64,0.0,2018-29-03 04:17:17,0.0,1.0,0.0,@BBCNews,RT @CrackingLeaders: @BBCNews @BBCNewsbeat @thismorning @cancerrev @DancingTheMind @HTFmedia @SchofeOnWine @hollywills SO frustrating..NHS‚Ä¶,64
65,0.6369,2018-29-03 04:17:15,0.0,0.781,0.219,@BBCNews,RT @hollowornate: @sampson_ken @BenPBradshaw @BestForBritain @BBCNews I think you may have just perfectly demonstrated why simplistic twats‚Ä¶,65
66,0.0,2018-29-03 04:17:13,0.0,1.0,0.0,@BBCNews,@bpf1953 @JoBussey @CIA_AGENT_ @KTHopkins @BBCNews @TheRebelTV Tag your an in let‚Äôs hear it dm he horses mouth if y‚Ä¶ https://t.co/dUkL5PuGDn,66
67,-0.6808,2018-29-03 04:16:34,0.259,0.741,0.0,@BBCNews,RT @davidchernaik: @BenPBradshaw @BBCNews One year to stop the stupidest decision any country has made in living memory.,67
68,-0.4005,2018-29-03 04:16:19,0.27,0.73,0.0,@BBCNews,RT @BBCNews: 'Deeply sorry' Christine Shawcroft quits as Labour disputes chief https://t.co/J5agmTRErT,68
69,-0.0772,2018-29-03 04:16:18,0.159,0.697,0.144,@BBCNews,"RT @StuartBudd1: @kate_edmonds_CS @Butsurelynot @BenPBradshaw @g_m_hodgson @BBCNews @CarolineLucas Thanks, just seen it.
Scary stuff.
Can y‚Ä¶",69
70,-0.6249,2018-29-03 04:16:11,0.204,0.796,0.0,@BBCNews,RT @kate_edmonds_CS: @StuartBudd1 @Butsurelynot @BenPBradshaw @g_m_hodgson @BBCNews Have you seen the vile Liz Truss's tweet condemning @Ca‚Ä¶,70
71,0.0,2018-29-03 04:16:06,0.0,1.0,0.0,@BBCNews,RT @StuartBudd1: @Butsurelynot @BenPBradshaw @g_m_hodgson @BBCNews This is very 1984,71
72,0.0,2018-29-03 04:16:05,0.0,1.0,0.0,@BBCNews,"RT @SiemonKlaus: #Catalunya #Catalonia #Llarena
La jueza en Neum√ºnster dice que hay una posibilidad que la orden de detenci√≥n europea puede‚Ä¶",72
73,0.4019,2018-29-03 04:16:01,0.0,0.87,0.13,@BBCNews,"RT @Butsurelynot: @BenPBradshaw @g_m_hodgson @BBCNews Yes. The BBC have emailed their online subscribers too, reminding them of the inevita‚Ä¶",73
74,-0.0431,2018-29-03 04:15:59,0.107,0.793,0.1,@BBCNews,"RT @lesbonner: RT @spaceangel1964: ** URGENT ACTION **
BBC seems to have a blind spot when it comes to reporting any #StopBrexit protests,‚Ä¶",74
75,0.0,2018-29-03 04:15:57,0.0,1.0,0.0,@BBCNews,@BBCNews üòÇüòÇüòÇ#PutinsRoubles https://t.co/bXSUVqGLc1,75
76,0.0,2018-29-03 04:15:56,0.0,1.0,0.0,@BBCNews,@bpf1953 @JoBussey @CIA_AGENT_ @KTHopkins @BBCNews @TheRebelTV Bollocks you made that up üòÇüòÇüòÇcare to mention which a‚Ä¶ https://t.co/mypiTPlmtA,76
77,-0.2023,2018-29-03 04:15:10,0.141,0.859,0.0,@BBCNews,RT @martinpiracy: @BenPBradshaw @BBCNews Indeed. Time to get complaining. See attached. https://t.co/rwjELiTy7A,77
78,-0.0431,2018-29-03 04:15:00,0.111,0.784,0.105,@BBCNews,"RT @spaceangel1964: ** URGENT ACTION **
BBC seems to have a blind spot when it comes to reporting any #StopBrexit p‚Ä¶ https://t.co/vmiS1SB8LP",78
79,-0.6908,2018-29-03 04:14:46,0.17,0.83,0.0,@BBCNews,"RT @KTHopkins: If 100 Pakistani Muslim men rape our children the @BBCNews uses the term ‚ÄúAsian‚Äù - throwing Sikhs, India &amp; half of Taiwan un‚Ä¶",79
80,-0.1154,2018-29-03 04:14:28,0.075,0.925,0.0,@BBCNews,RT @JoBussey: @CIA_AGENT_ @bpf1953 @KTHopkins @BBCNews @TheRebelTV I know we're limited in characters but that tweet is incoherent. You rea‚Ä¶,80
81,0.8641,2018-29-03 04:14:11,0.0,0.624,0.376,@BBCNews,RT @JoBussey: @bpf1953 @CIA_AGENT_ @KTHopkins @BBCNews @TheRebelTV Thanks for your concern but we're good thanks. Despite what @KTHopkins w‚Ä¶,81
82,-0.6908,2018-29-03 04:13:54,0.17,0.83,0.0,@BBCNews,"RT @KTHopkins: If 100 Pakistani Muslim men rape our children the @BBCNews uses the term ‚ÄúAsian‚Äù - throwing Sikhs, India &amp; half of Taiwan un‚Ä¶",82
83,0.2732,2018-29-03 04:13:43,0.0,0.896,0.104,@BBCNews,RT @JoBussey: @bpf1953 @CIA_AGENT_ @KTHopkins @BBCNews @TheRebelTV UK conservatives are not conservative by US standards agreed. They are e‚Ä¶,83
84,-0.25,2018-29-03 04:13:23,0.154,0.732,0.114,@BBCNews,"RT @stevenjbarnett: Aussie ball tampering gets the full 2 minute package on @BBCNews.

Astounding allegations of electoral fraud in the UK'‚Ä¶",84
85,0.6908,2018-29-03 04:13:22,0.0,0.769,0.231,@BBCNews,"RT @OldGittyBloke: @BenPBradshaw @eagleowl123 @BBCNews Ben, I dearly hope you are still a political force when it comes time to bring the B‚Ä¶",85
86,0.0,2018-29-03 04:13:18,0.0,1.0,0.0,@BBCNews,"RT @JoBussey: @bpf1953 @KTHopkins @BBCNews @TheRebelTV Err, we‚Äôve had a conservative government since 2010.",86
87,-0.8957,2018-29-03 04:13:07,0.702,0.298,0.0,@BBCNews,RT @BBCNews: Teenager arrested after hoax bomb threat https://t.co/C4lYzSc9iK,87
88,0.3818,2018-29-03 04:13:04,0.0,0.885,0.115,@BBCNews,RT @andy_n2000: @BenPBradshaw @BBCNews @BBCR4Feedback   Another example why it is clear that @BBCnews is pro Brexit when it should be impar‚Ä¶,88
89,-0.0516,2018-29-03 04:12:57,0.048,0.952,0.0,@BBCNews,RT @UKWeaver: @BenPBradshaw @BBCNews If nothing happens in one year we leave the EU. The only way that doesn't happen is if 28 country agre‚Ä¶,89
90,-0.4019,2018-29-03 04:12:30,0.13,0.87,0.0,@BBCNews,RT @elise_tallaron: @BenPBradshaw @BestForBritain @BBCNews Complained to BBC about absence of coverage of the Marches for Europe. Their res‚Ä¶,90
91,0.4215,2018-29-03 04:11:39,0.0,0.865,0.135,@BBCNews,@BBCNews that article will show why im against hummanitarian work also from the united nations humanutarians that w‚Ä¶ https://t.co/P9aK7lVs2c,91
92,0.0,2018-29-03 04:11:32,0.0,1.0,0.0,@BBCNews,"RT @NewPlasticsEcon: Deposit return schemes were one of the tactics mentioned in our Rethinking Plastics report, which highlighted the need‚Ä¶",92
93,0.3818,2018-29-03 04:11:13,0.0,0.885,0.115,@BBCNews,RT @VeroVero777: @DameWritesalot @BenPBradshaw @BBCNews I was brought up on the integrity of the Beeb. I always think of the people of Euro‚Ä¶,93
94,-0.7096,2018-29-03 04:11:10,0.29,0.71,0.0,@BBCNews,RT @BBCNews: John Worboys: Court to rule on black cab rapist release https://t.co/XTdtpkZsw6,94
95,0.0,2018-29-03 04:11:08,0.0,1.0,0.0,@BBCNews,RT @joannaccherry: Is it just me or do @BBCNews seem curiously disinterested in the developing #CambridgeAnalytica story? Big evidence sess‚Ä¶,95
96,0.0,2018-29-03 04:10:33,0.0,1.0,0.0,@BBCNews,RT @atmphillips: @ChristopherJor5 @Remain_Labour @BenPBradshaw @BBCNews @EmilyThornberry It's the Labour leadership's position. Many Labour‚Ä¶,96
97,0.34,2018-29-03 04:10:25,0.056,0.833,0.111,@BBCNews,"RT @Siemens: #AI, #BigData &amp; #Cloud technologies are improving our world in countless ways. But not only the article from @BBCNews warns: h‚Ä¶",97
98,0.0,2018-29-03 04:10:24,0.0,1.0,0.0,@BBCNews,RT @eloisetodd: Sticky tape in the pocket of a cricketer throwing one match still bigger news on @BBCRadio4  @BBCNews than sticky tape in t‚Ä¶,98
99,0.0,2018-29-03 04:10:11,0.0,1.0,0.0,@BBCNews,RT @ChristopherJor5: @BenPBradshaw @Remain_Labour @BBCNews Can you comment on this story that @EmilyThornberry said Labour will probably vo‚Ä¶,99
0,0.5574,2018-29-03 04:32:50,0.0,0.87,0.13,@CBSNews,"RT @CBSNews: Linda Brown, who as a third grade student was at the center of the 1954 Brown v. Board of Education Supreme Court decision tha‚Ä¶",0
1,0.0,2018-29-03 04:32:48,0.0,1.0,0.0,@CBSNews,@AnthemRespect @FranBarreraReal @RealErinCruz To: @latimes @CnnEspaol @TelemundoIntl @UniNoticias @BfertTaskforce‚Ä¶ https://t.co/h2RR5QFnFT,1
2,-0.3412,2018-29-03 04:32:44,0.179,0.821,0.0,@CBSNews,"@CBSNews Doesn't look good, manafort. He is getting schooled on north korea.",2
3,0.4939,2018-29-03 04:32:31,0.0,0.862,0.138,@CBSNews,"RT @adrianasdiaz: On @CBSThisMorning: Inspired by Selma march, teens walking 50 MILES to Paul Ryan‚Äôs hometown. 
Their chant: ‚ÄúPaul Ryan, ca‚Ä¶",3
4,0.0,2018-29-03 04:32:23,0.0,1.0,0.0,@CBSNews,RT @CBSNews: 2 airline pilots report seeing UFO while flying over Arizona https://t.co/vwYBvFnnrp https://t.co/M0SYyMVxay,4
5,0.0,2018-29-03 04:32:21,0.0,1.0,0.0,@CBSNews,RT @CBSNews: 2 airline pilots report seeing UFO while flying over Arizona https://t.co/vwYBvFnnrp https://t.co/M0SYyMVxay,5
6,0.0,2018-29-03 04:32:19,0.0,1.0,0.0,@CBSNews,RT @CBSNews: 2 airline pilots report seeing UFO while flying over Arizona https://t.co/vwYBvFnnrp https://t.co/M0SYyMVxay,6
7,-0.2003,2018-29-03 04:32:09,0.107,0.893,0.0,@CBSNews,"RT @ExpectoResister: Look who got grounded! 

Ecuador's government cutting off WikiLeaks founder Julian Assange's communications https://t.‚Ä¶",7
8,0.0,2018-29-03 04:32:09,0.0,1.0,0.0,@CBSNews,RT @CBSNews: 2 airline pilots report seeing UFO while flying over Arizona https://t.co/vwYBvFnnrp https://t.co/M0SYyMVxay,8
9,0.7351,2018-29-03 04:32:08,0.0,0.721,0.279,@CBSNews,"Great article. CBS News has moved well ahead of the other MSM in balanced news coverage. @CBSNews 
 https://t.co/swaUdqR65S",9
10,-0.0258,2018-29-03 04:31:57,0.127,0.751,0.122,@CBSNews,The budget deal will add billions to the deficit. What are the benefits ... https://t.co/XRpEJdHvBn via @YouTube‚Ä¶ https://t.co/N5Xu0WbGV6,10
11,0.5859,2018-29-03 04:31:55,0.0,0.678,0.322,@CBSNews,@ExpectoResister @Cmm09672 @CBSNews and there was much rejoicing https://t.co/pPNarrGbHz,11
12,0.5106,2018-29-03 04:31:53,0.0,0.798,0.202,@CBSNews,RT @CBSNews: Fabiano Caruana has become the 1st American since Bobby Fischer to reach World Chess Championships. https://t.co/yrBbOKIgZI ht‚Ä¶,12
13,-0.6908,2018-29-03 04:31:44,0.388,0.612,0.0,@CBSNews,"@rhaley1960 @CBSThisMorning @CBSNews @50milesmore You‚Äôre a nasty piece of work , @rhaley1960. 

Blocked.",13
14,-0.7597,2018-29-03 04:31:44,0.62,0.38,0.0,@CBSNews,@CBSNews Blame OBAMA'S FAKE BIRTH RECORD!,14
15,0.6808,2018-29-03 04:31:29,0.184,0.468,0.348,@CBSNews,"RT @CBSNews: A boy with down syndrome who is a cancer survivor had his wish fulfilled when Pope Francis stopped his popemobile, blessed him‚Ä¶",15
16,0.0,2018-29-03 04:31:26,0.0,1.0,0.0,@CBSNews,"RT @CBSNews: HAPPENING NOW: Students arrive in House Speaker Paul Ryan‚Äôs hometown Janesville, Wisconsin, after marching 50 miles to demand‚Ä¶",16
17,0.0,2018-29-03 04:31:26,0.0,1.0,0.0,@CBSNews,RT @CBSNews: 2 airline pilots report seeing UFO while flying over Arizona https://t.co/vwYBvFnnrp https://t.co/M0SYyMVxay,17
18,-0.2003,2018-29-03 04:31:16,0.107,0.893,0.0,@CBSNews,"RT @ExpectoResister: Look who got grounded! 

Ecuador's government cutting off WikiLeaks founder Julian Assange's communications https://t.‚Ä¶",18
19,0.0,2018-29-03 04:31:15,0.0,1.0,0.0,@CBSNews,RT @CBSNews: 2 airline pilots report seeing UFO while flying over Arizona https://t.co/vwYBvFnnrp https://t.co/M0SYyMVxay,19
20,0.0,2018-29-03 04:31:15,0.0,1.0,0.0,@CBSNews,RT @CBSNews: 2 airline pilots report seeing UFO while flying over Arizona https://t.co/vwYBvFnnrp https://t.co/M0SYyMVxay,20
21,-0.6486,2018-29-03 04:31:10,0.249,0.751,0.0,@CBSNews,"RT @CBSNews: 1 dead at BMW Manufacturing plant in South Carolina, coroner says https://t.co/fpwtQwqN8j https://t.co/zWYf7Oxgdu",21
22,0.128,2018-29-03 04:30:48,0.148,0.671,0.181,@CBSNews,Missing soldier needs our help.  @ABC @nytimes @BostonGlobe @theobserver @NBCNewYork @CBSNews https://t.co/28REhBy993,22
23,0.0,2018-29-03 04:30:47,0.0,1.0,0.0,@CBSNews,@Kimster78 @deb_colomb @CBSNews I‚Äôm not the hooker,23
24,0.4939,2018-29-03 04:30:43,0.0,0.862,0.138,@CBSNews,"RT @adrianasdiaz: On @CBSThisMorning: Inspired by Selma march, teens walking 50 MILES to Paul Ryan‚Äôs hometown. 
Their chant: ‚ÄúPaul Ryan, ca‚Ä¶",24
25,-0.5574,2018-29-03 04:30:31,0.247,0.753,0.0,@CBSNews,RT @CBSNews: Howard University says 6 were fired for misappropriating funds https://t.co/wWLKpg9u2x https://t.co/DK6hz7GlUd,25
26,0.0,2018-29-03 04:30:20,0.0,1.0,0.0,@CBSNews,RT @CBSNews: 2 airline pilots report seeing UFO while flying over Arizona https://t.co/vwYBvFnnrp https://t.co/M0SYyMVxay,26
27,0.7003,2018-29-03 04:30:19,0.0,0.734,0.266,@CBSNews,RT @CBSNews: Special counsel Robert Mueller revealed a link between the Trump campaign and Russian intelligence. @PaulaReidCBS reporting. h‚Ä¶,27
28,-0.5267,2018-29-03 04:30:09,0.459,0.541,0.0,@CBSNews,@jamisnHemphill @deb_colomb @CBSNews You‚Äôre disgusting,28
29,-0.5994,2018-29-03 04:29:39,0.151,0.849,0.0,@CBSNews,"RT @CBSNews: In the wake of the shooting death of Stephon Clark by Sacramento police, the city's mayor said Wednesday that ""implied racism""‚Ä¶",29
30,0.4588,2018-29-03 04:29:33,0.0,0.87,0.13,@CBSNews,RT @CBSNews: Air Force pilot captured breathtaking images of the northern lights as he flew across the sky in Canada. https://t.co/IhU5YSiJ‚Ä¶,30
31,-0.6908,2018-29-03 04:29:16,0.32,0.68,0.0,@CBSNews,@CBSNews Is he any different from cops that kill unarmed civillians?,31
32,0.0,2018-29-03 04:29:08,0.0,1.0,0.0,@CBSNews,"RT @CBSNews: ""As the sheriff pockets tax dollars, the median income in Etowah County is $40,000,"" CBS News' Mark Strassman reports on Alaba‚Ä¶",32
33,-0.5574,2018-29-03 04:29:03,0.247,0.753,0.0,@CBSNews,RT @CBSNews: Howard University says 6 were fired for misappropriating funds https://t.co/wWLKpg9u2x https://t.co/DK6hz7GlUd,33
34,-0.5574,2018-29-03 04:28:51,0.247,0.753,0.0,@CBSNews,RT @CBSNews: Howard University says 6 were fired for misappropriating funds https://t.co/wWLKpg9u2x https://t.co/DK6hz7GlUd,34
35,0.0,2018-29-03 04:28:43,0.0,1.0,0.0,@CBSNews,RT @CBSNews: 2 airline pilots report seeing UFO while flying over Arizona https://t.co/vwYBvFnnrp https://t.co/M0SYyMVxay,35
36,0.0,2018-29-03 04:28:16,0.0,1.0,0.0,@CBSNews,"RT @CBSNews: Stormy Daniels' lawyer Michael Avenatti files motion in California federal court, seeking to depose President Trump and his la‚Ä¶",36
37,-0.1531,2018-29-03 04:28:12,0.078,0.922,0.0,@CBSNews,"RT @CBSNews: A 19,000-pound space station is falling toward Earth and scientists project it may land sometime between Saturday and Monday,‚Ä¶",37
38,-0.6486,2018-29-03 04:28:08,0.249,0.751,0.0,@CBSNews,"RT @CBSNews: 1 dead at BMW Manufacturing plant in South Carolina, coroner says https://t.co/fpwtQwqN8j https://t.co/zWYf7Oxgdu",38
39,0.6808,2018-29-03 04:28:06,0.184,0.468,0.348,@CBSNews,"RT @CBSNews: A boy with down syndrome who is a cancer survivor had his wish fulfilled when Pope Francis stopped his popemobile, blessed him‚Ä¶",39
40,0.0,2018-29-03 04:27:55,0.0,1.0,0.0,@CBSNews,@CBSNews  https://t.co/frh1ex9s0a,40
41,0.0,2018-29-03 04:27:44,0.0,1.0,0.0,@CBSNews,"RT @CBSNews: Stormy Daniels' lawyer Michael Avenatti files motion in California federal court, seeking to depose President Trump and his la‚Ä¶",41
42,0.2023,2018-29-03 04:27:41,0.0,0.913,0.087,@CBSNews,"The Treasury may borrow nearly $1 trillion in 2018, and at least that much afterward ‚Äî here's why it matters‚Ä¶ https://t.co/TTgQkjpBDP",42
43,-0.5994,2018-29-03 04:27:37,0.151,0.849,0.0,@CBSNews,"RT @CBSNews: In the wake of the shooting death of Stephon Clark by Sacramento police, the city's mayor said Wednesday that ""implied racism""‚Ä¶",43
44,-0.2003,2018-29-03 04:27:36,0.107,0.893,0.0,@CBSNews,"RT @ExpectoResister: Look who got grounded! 

Ecuador's government cutting off WikiLeaks founder Julian Assange's communications https://t.‚Ä¶",44
45,0.0,2018-29-03 04:27:32,0.0,1.0,0.0,@CBSNews,RT @CBSNews: 2 airline pilots report seeing UFO while flying over Arizona https://t.co/vwYBvFnnrp https://t.co/M0SYyMVxay,45
46,-0.6486,2018-29-03 04:27:24,0.249,0.751,0.0,@CBSNews,"RT @CBSNews: 1 dead at BMW Manufacturing plant in South Carolina, coroner says https://t.co/fpwtQwqN8j https://t.co/zWYf7Oxgdu",46
47,-0.7661,2018-29-03 04:27:17,0.445,0.555,0.0,@CBSNews,@cgauna007 @CBSNews This is so fucked up üòÇüò≠,47
48,-0.5986,2018-29-03 04:27:11,0.287,0.554,0.16,@CBSNews,"RT @CBSNews: Christopher Underwood, an 11-year-old from Brooklyn, lost his brother to gun violence: ‚ÄúFor me, I would like to not¬†worry abou‚Ä¶",48
49,-0.296,2018-29-03 04:27:06,0.115,0.885,0.0,@CBSNews,RT @Muzzler11: @SaraCarterDC @seanhannity @ABC @CBSNews @CNN @MSNBC @NBCNews @nytimes @washingtonpost .....I must have missed this story on‚Ä¶,49
50,0.3182,2018-29-03 04:27:04,0.0,0.635,0.365,@CBSNews,@CBSNews Please take our leader.,50
51,0.0,2018-29-03 04:27:03,0.0,1.0,0.0,@CBSNews,RT @CBSNews: 2 airline pilots report seeing UFO while flying over Arizona https://t.co/vwYBvFnnrp https://t.co/M0SYyMVxay,51
52,-0.3527,2018-29-03 04:26:47,0.16,0.734,0.106,@CBSNews,"RT @bimmerella: I hope there is a float in his honor...
Perhaps an effigy of Pence in a douchebag? Full of orange drink? 
üíñüíöüíôüíõ‚ù§üíúüíñüíöüíõ‚ù§üíú
üíñüíöüíôüíõ‚ù§‚Ä¶",52
53,0.0,2018-29-03 04:26:41,0.0,1.0,0.0,@CBSNews,"RT @CBSNews: @CBSNews¬†@profcarroll on profile @CamAnalytica had of him: ""It had information about my voter registration, information about‚Ä¶",53
54,-0.5574,2018-29-03 04:26:38,0.247,0.753,0.0,@CBSNews,RT @CBSNews: Howard University says 6 were fired for misappropriating funds https://t.co/wWLKpg9u2x https://t.co/DK6hz7GlUd,54
55,-0.3527,2018-29-03 04:26:36,0.16,0.734,0.106,@CBSNews,"RT @bimmerella: I hope there is a float in his honor...
Perhaps an effigy of Pence in a douchebag? Full of orange drink? 
üíñüíöüíôüíõ‚ù§üíúüíñüíöüíõ‚ù§üíú
üíñüíöüíôüíõ‚ù§‚Ä¶",55
56,0.0,2018-29-03 04:26:28,0.0,1.0,0.0,@CBSNews,@CBSNews American government needs to take a lesson from Howard University,56
57,-0.296,2018-29-03 04:26:17,0.095,0.905,0.0,@CBSNews,"RT @CBSNews: Cambridge Analytica, data firm that helped Trump during 2016 presidential race, has been accused of a massive data breach on F‚Ä¶",57
58,0.3612,2018-29-03 04:26:14,0.0,0.884,0.116,@CBSNews,@CBSNews Corruption follows them wherever they go. Just like in Africa. Always wanting something without having to work for it.,58
59,-0.7184,2018-29-03 04:26:10,0.319,0.559,0.122,@CBSNews,"@CBSNews Keep it up libs, when Clinton banned ""assault weapons"" the Republicans won 53 seats in the next election i‚Ä¶ https://t.co/zto3c7Kqgh",59
60,-0.6486,2018-29-03 04:26:07,0.249,0.751,0.0,@CBSNews,"RT @CBSNews: 1 dead at BMW Manufacturing plant in South Carolina, coroner says https://t.co/fpwtQwqN8j https://t.co/zWYf7Oxgdu",60
61,0.6486,2018-29-03 04:26:02,0.0,0.813,0.187,@CBSNews,"RT @CBSNews: WATCH: This gorilla named Louis likes to walk like a human -- especially when the ground is muddy, so he doesn't get his hands‚Ä¶",61
62,-0.6486,2018-29-03 04:25:59,0.249,0.751,0.0,@CBSNews,"RT @CBSNews: 1 dead at BMW Manufacturing plant in South Carolina, coroner says https://t.co/fpwtQwqN8j https://t.co/zWYf7Oxgdu",62
63,-0.6486,2018-29-03 04:25:50,0.249,0.751,0.0,@CBSNews,"RT @CBSNews: 1 dead at BMW Manufacturing plant in South Carolina, coroner says https://t.co/fpwtQwqN8j https://t.co/zWYf7Oxgdu",63
64,0.0,2018-29-03 04:25:32,0.0,1.0,0.0,@CBSNews,"@jlonghofer4 @Royal___Rebel @Lisaj65M @Kimster78 @CBSNews So don't confirm what hasn't been realised.
Middle East i‚Ä¶ https://t.co/7vakt4hG3H",64
65,0.0,2018-29-03 04:25:31,0.0,1.0,0.0,@CBSNews,"RT @AnthemRespect: Father of Pulse Nightclub Shooter Was a #FBI Informant Attorney Says. 
Say It Ain‚Äôt So. 
#AnthemTT45 

Father of Pulse g‚Ä¶",65
66,0.4939,2018-29-03 04:25:30,0.0,0.862,0.138,@CBSNews,"RT @adrianasdiaz: On @CBSThisMorning: Inspired by Selma march, teens walking 50 MILES to Paul Ryan‚Äôs hometown. 
Their chant: ‚ÄúPaul Ryan, ca‚Ä¶",66
67,-0.34,2018-29-03 04:25:18,0.103,0.897,0.0,@CBSNews,"RT @adrianasdiaz: Students for gun reform hold rally after 50 mile 4-day march through rural Wisconsin, ending in Paul Ryan‚Äôs hometown: Jan‚Ä¶",67
68,-0.6486,2018-29-03 04:25:12,0.249,0.751,0.0,@CBSNews,"RT @CBSNews: 1 dead at BMW Manufacturing plant in South Carolina, coroner says https://t.co/fpwtQwqN8j https://t.co/zWYf7Oxgdu",68
69,-0.1531,2018-29-03 04:24:36,0.157,0.714,0.129,@CBSNews,Boy with sick father turns to President Trump for help and gets touching response https://t.co/JzgqN2XAii via @CBSNews,69
70,0.6124,2018-29-03 04:24:28,0.0,0.706,0.294,@CBSNews,RT @CBSNews: Paul Manafort bets on presidential pardon in special counsel case https://t.co/T3P7VAuLWC https://t.co/mgXBtamQ2f,70
71,-0.6486,2018-29-03 04:24:21,0.249,0.751,0.0,@CBSNews,"RT @CBSNews: 1 dead at BMW Manufacturing plant in South Carolina, coroner says https://t.co/fpwtQwqN8j https://t.co/zWYf7Oxgdu",71
72,0.4939,2018-29-03 04:24:20,0.0,0.862,0.138,@CBSNews,"RT @adrianasdiaz: On @CBSThisMorning: Inspired by Selma march, teens walking 50 MILES to Paul Ryan‚Äôs hometown. 
Their chant: ‚ÄúPaul Ryan, ca‚Ä¶",72
73,0.4939,2018-29-03 04:24:18,0.0,0.862,0.138,@CBSNews,"RT @adrianasdiaz: On @CBSThisMorning: Inspired by Selma march, teens walking 50 MILES to Paul Ryan‚Äôs hometown. 
Their chant: ‚ÄúPaul Ryan, ca‚Ä¶",73
74,0.0,2018-29-03 04:24:15,0.0,1.0,0.0,@CBSNews,"RT @CBSNews: Mega Millions jackpot hits $502 million, 10th largest ever in U.S. https://t.co/JpxZxdBhgS https://t.co/50Hs6EiYHo",74
75,-0.6486,2018-29-03 04:24:04,0.249,0.751,0.0,@CBSNews,"RT @CBSNews: 1 dead at BMW Manufacturing plant in South Carolina, coroner says https://t.co/fpwtQwqN8j https://t.co/zWYf7Oxgdu",75
76,-0.6486,2018-29-03 04:23:37,0.249,0.751,0.0,@CBSNews,"RT @CBSNews: 1 dead at BMW Manufacturing plant in South Carolina, coroner says https://t.co/fpwtQwqN8j https://t.co/zWYf7Oxgdu",76
77,0.3182,2018-29-03 04:23:34,0.0,0.905,0.095,@CBSNews,"RT @CBSNews: Secretary of VA David Shulkin is being replaced by Admiral Ronny Jackson, White House physician for President Obama and now Pr‚Ä¶",77
78,-0.6541,2018-29-03 04:23:34,0.214,0.786,0.0,@CBSNews,Last but not least we found the WITCH @CNNPolitics @CBSNews @BBCWorld @NBCNews @CNN @MSN @washingtonpost @TEDTalks  https://t.co/dPvZ51qZA1,78
79,-0.34,2018-29-03 04:23:19,0.098,0.902,0.0,@CBSNews,"RT @CBSNews: @CBSNews¬†""Shulkin came under fire after an inspector general report in February found he used taxpayer money to purchase his w‚Ä¶",79
80,-0.6486,2018-29-03 04:23:13,0.249,0.751,0.0,@CBSNews,"RT @CBSNews: 1 dead at BMW Manufacturing plant in South Carolina, coroner says https://t.co/fpwtQwqN8j https://t.co/zWYf7Oxgdu",80
81,0.0,2018-29-03 04:23:03,0.0,1.0,0.0,@CBSNews,RT @CBSNews: 2 airline pilots report seeing UFO while flying over Arizona https://t.co/vwYBvFnnrp https://t.co/M0SYyMVxay,81
82,0.6808,2018-29-03 04:22:56,0.184,0.468,0.348,@CBSNews,"RT @CBSNews: A boy with down syndrome who is a cancer survivor had his wish fulfilled when Pope Francis stopped his popemobile, blessed him‚Ä¶",82
83,0.6486,2018-29-03 04:22:43,0.0,0.813,0.187,@CBSNews,"RT @CBSNews: WATCH: This gorilla named Louis likes to walk like a human -- especially when the ground is muddy, so he doesn't get his hands‚Ä¶",83
84,0.3182,2018-29-03 04:22:36,0.0,0.813,0.187,@CBSNews,RT @CBSNews: NRA confirms that it accepts foreign donations https://t.co/FeyKvaCsd4 https://t.co/vl5WzZB9i3,84
85,-0.1531,2018-29-03 04:22:31,0.143,0.739,0.117,@CBSNews,RT @KNX1070: Boy with sick father turns to President #Trump for help and gets touching response https://t.co/etBMoDOXNt via @CBSNews,85
86,-0.4588,2018-29-03 04:22:27,0.2,0.8,0.0,@CBSNews,"RT @CBSNews: Pennsylvania student stockpiled arsenal, threatened school shooting, police say. https://t.co/YIiuTqyEvn https://t.co/k929FpQN‚Ä¶",86
87,0.0,2018-29-03 04:22:18,0.0,1.0,0.0,@CBSNews,"RT @CBSNews: HAPPENING NOW: Students arrive in House Speaker Paul Ryan‚Äôs hometown Janesville, Wisconsin, after marching 50 miles to demand‚Ä¶",87
88,0.5574,2018-29-03 04:22:08,0.0,0.87,0.13,@CBSNews,"RT @CBSNews: Linda Brown, who as a third grade student was at the center of the 1954 Brown v. Board of Education Supreme Court decision tha‚Ä¶",88
89,-0.3612,2018-29-03 04:21:58,0.152,0.848,0.0,@CBSNews,"@jlonghofer4 @Royal___Rebel @Lisaj65M @Kimster78 @CBSNews Syria, Yemen, Israel, Palestine r still in turmoil 
Xi Ji‚Ä¶ https://t.co/T4VHrQ738k",89
90,-0.6486,2018-29-03 04:21:58,0.249,0.751,0.0,@CBSNews,"RT @CBSNews: 1 dead at BMW Manufacturing plant in South Carolina, coroner says https://t.co/fpwtQwqN8j https://t.co/zWYf7Oxgdu",90
91,0.6124,2018-29-03 04:21:58,0.0,0.706,0.294,@CBSNews,RT @CBSNews: Paul Manafort bets on presidential pardon in special counsel case https://t.co/T3P7VAuLWC https://t.co/mgXBtamQ2f,91
92,0.7783,2018-29-03 04:21:57,0.0,0.746,0.254,@CBSNews,"RT @CBSNews: Stormy Daniels' attorney Michael Avenatti is confident in his motion to depose President Trump, saying it relies on Supreme Co‚Ä¶",92
93,0.4588,2018-29-03 04:21:49,0.0,0.87,0.13,@CBSNews,RT @CBSNews: Air Force pilot captured breathtaking images of the northern lights as he flew across the sky in Canada. https://t.co/IhU5YSiJ‚Ä¶,93
94,-0.1531,2018-29-03 04:21:46,0.157,0.714,0.129,@CBSNews,Boy with sick father turns to President Trump for help and gets touching response https://t.co/CzPAqgpEXI via @CBSNews,94
95,-0.6486,2018-29-03 04:21:28,0.249,0.751,0.0,@CBSNews,"RT @CBSNews: 1 dead at BMW Manufacturing plant in South Carolina, coroner says https://t.co/fpwtQwqN8j https://t.co/zWYf7Oxgdu",95
96,-0.7845,2018-29-03 04:21:27,0.266,0.734,0.0,@CBSNews,"@CBSNews A war against aliens is the only thing to bring humans together, however, the beating we‚Äôll get from the a‚Ä¶ https://t.co/377E7RbUHm",96
97,-0.4838,2018-29-03 04:21:25,0.165,0.835,0.0,@CBSNews,"RT @CBSNews: ""Arming teachers will not work. More security in our schools does not work. Zero tolerance policies do not work,"" student Edna‚Ä¶",97
98,-0.6486,2018-29-03 04:21:24,0.249,0.751,0.0,@CBSNews,"RT @CBSNews: 1 dead at BMW Manufacturing plant in South Carolina, coroner says https://t.co/fpwtQwqN8j https://t.co/zWYf7Oxgdu",98
99,0.0,2018-29-03 04:21:21,0.0,1.0,0.0,@CBSNews,"RT @BettyBowers: Stormy Daniels to @CBSNews: ""I really don't need sixty minutes to talk about something that didn't last one."" #StormyDanie‚Ä¶",99
0,-0.128,2018-29-03 04:33:12,0.091,0.909,0.0,@CNN,@AP_Politics .@MichaelAvenatti thinks he is a tough guy &amp; continues to make unfounded flamboyant threads against‚Ä¶ https://t.co/aQfy85KEDT,0
1,0.5411,2018-29-03 04:33:09,0.0,0.632,0.368,@CNN,@CNN Addicts trying to save the kingpin!,1
2,0.6597,2018-29-03 04:33:08,0.0,0.481,0.519,@CNN,"@CNN Yes , but he had help. https://t.co/yccex1sEqd",2
3,0.0,2018-29-03 04:33:08,0.0,1.0,0.0,@CNN,@CNN he needs to be in jail,3
4,0.0,2018-29-03 04:33:08,0.0,1.0,0.0,@CNN,RT @CNN: The first case of super-resistant gonorrhea has been reported in the UK https://t.co/KfaN4JEx8e https://t.co/CFTlA806Hd,4
5,0.7089,2018-29-03 04:33:07,0.0,0.404,0.596,@CNN,@CNN Very nice looks it lol,5
6,0.7041,2018-29-03 04:33:06,0.0,0.72,0.28,@CNN,@oliverg2014 @FoxNews @brookefoxnews @DNC @CNN Popular vote? Is that a thing now? Like repeal the 2nd Amendment?‚Ä¶ https://t.co/MP0dUfeu9x,6
7,0.0,2018-29-03 04:33:06,0.0,1.0,0.0,@CNN,RT @CNN: The first case of super-resistant gonorrhea has been reported in the UK https://t.co/KfaN4JEx8e https://t.co/CFTlA806Hd,7
8,0.0,2018-29-03 04:33:05,0.0,1.0,0.0,@CNN,@CNN giv cops more guns tho!!!!!!!!,8
9,0.3612,2018-29-03 04:33:04,0.0,0.872,0.128,@CNN,RT @CNN: A brief history of how Parkland survivor David Hogg keeps schooling lawmakers on social media https://t.co/XrgoxjISdo https://t.co‚Ä¶,9
10,0.4215,2018-29-03 04:33:03,0.0,0.865,0.135,@CNN,"RT @FKAFernando: @CNN If that's true, @PressSec, then why is @realDonaldTrump tweeting/commenting about Orange County and CA's Sanctuary La‚Ä¶",10
11,0.0,2018-29-03 04:33:03,0.0,1.0,0.0,@CNN,RT @CNN: Donations to the NRA tripled in the weeks after the Parkland shooting https://t.co/2E6tfAx4bc,11
12,0.0,2018-29-03 04:33:01,0.0,1.0,0.0,@CNN,RT @CNN: The first case of super-resistant gonorrhea has been reported in the UK https://t.co/KfaN4JEx8e https://t.co/CFTlA806Hd,12
13,0.0,2018-29-03 04:33:01,0.0,1.0,0.0,@CNN,RT @CNN: The first case of super-resistant gonorrhea has been reported in the UK https://t.co/KfaN4JEx8e https://t.co/CFTlA806Hd,13
14,0.296,2018-29-03 04:33:00,0.0,0.845,0.155,@CNN,"@leighcavalierca @CNN Hey @kruszer 

I just wanted to share this answer with you..
hahahahaha",14
15,-0.4019,2018-29-03 04:33:00,0.114,0.886,0.0,@CNN,RT @SheilaPThatsMe: @CortesSteve @CNN @donlemon You‚Äôre apart of the problem. Why can‚Äôt you acknowledge there is an epidemic that cops are s‚Ä¶,15
16,-0.4767,2018-29-03 04:33:00,0.162,0.838,0.0,@CNN,@CNN Fake news CNN shows a picture of an F18 that was put in order 30 years ago,16
17,0.0,2018-29-03 04:32:59,0.0,1.0,0.0,@CNN,"@Berlin8465 @CNN A troll from Europe... pick a time and place, pussy.",17
18,0.1531,2018-29-03 04:32:59,0.0,0.932,0.068,@CNN,RT @CNN: A Democratic candidate challenging Rep. Devin Nunes in California took in more than $1 million in the first quarter of 2018 https:‚Ä¶,18
19,0.0,2018-29-03 04:32:58,0.0,1.0,0.0,@CNN,RT @CNN: The first case of super-resistant gonorrhea has been reported in the UK https://t.co/KfaN4JEx8e https://t.co/CFTlA806Hd,19
20,-0.5106,2018-29-03 04:32:58,0.148,0.852,0.0,@CNN,RT @funk_celia: @DCswampdrainer @CNN He deserves prison for his theft of committee investigation materials he snuck into the whitehouse wit‚Ä¶,20
21,0.0,2018-29-03 04:32:56,0.0,1.0,0.0,@CNN,@CNN Donations in RUBLES.,21
22,0.0,2018-29-03 04:32:54,0.0,1.0,0.0,@CNN,"RT @rameshchahal: #SaintMSG_Initiative57
#‡§Æ‡•Å‡§´‡•ç‡§§_‡§π‡§ï
‡§ñ‡§∞‡•ç‡§ö‡•Ä‡§≤‡•Ä ‡§®‡•ç‡§Ø‡§æ‡§Ø ‡§™‡•ç‡§∞‡§£‡§æ‡§≤‡•Ä ‡§µ‡•ç‡§Ø‡§µ‡§∏‡•ç‡§•‡§æ ‡§∏‡•á ‡§®‡§ø‡§™‡§ü‡§®‡•á ‡§ï‡•á ‡§≤‡§ø‡§Ø‡•á @derasachasauda ‡§®‡•á 684 ‡§µ‡§ï‡•Ä‡§≤‡•ã‡§Ç ‡§ï‡§æ ‡§™‡•à‡§®‡§≤ ‡§¨‚Ä¶",22
23,0.1531,2018-29-03 04:32:54,0.0,0.932,0.068,@CNN,RT @CNN: A Democratic candidate challenging Rep. Devin Nunes in California took in more than $1 million in the first quarter of 2018 https:‚Ä¶,23
24,0.0,2018-29-03 04:32:53,0.0,1.0,0.0,@CNN,RT @CNN: The first case of super-resistant gonorrhea has been reported in the UK https://t.co/KfaN4JEx8e https://t.co/CFTlA806Hd,24
25,-0.6597,2018-29-03 04:32:53,0.167,0.833,0.0,@CNN,"RT @CNN: The US military conducted its first airstrike against al Qaeda in Libya on Saturday, killing one of the group's leaders, according‚Ä¶",25
26,0.0,2018-29-03 04:32:52,0.0,1.0,0.0,@CNN,RT @CNN: The first case of super-resistant gonorrhea has been reported in the UK https://t.co/KfaN4JEx8e https://t.co/CFTlA806Hd,26
27,0.0,2018-29-03 04:32:52,0.0,1.0,0.0,@CNN,@AC360 Just watched a debate on @CNN between @AlanDersh &amp; @JeffreyToobin about ethical/legal issues with Trump prom‚Ä¶ https://t.co/YKftniqylA,27
28,0.0,2018-29-03 04:32:52,0.0,1.0,0.0,@CNN,"RT @CNN: Apple's quest to find a home for another campus will be different than Amazon's approach, says CEO Tim Cook: ""We're not doing the‚Ä¶",28
29,0.0,2018-29-03 04:32:51,0.0,1.0,0.0,@CNN,"RT @wkamaubell: Right now on @cnn, @donlemon, @Shermichael_, &amp; @keithboykin are having a political intervention on @CortesSteve right now.‚Ä¶",29
30,0.0,2018-29-03 04:32:51,0.0,1.0,0.0,@CNN,@rootsgyalmagic @CNN Money talks,30
31,-0.0094,2018-29-03 04:32:50,0.118,0.764,0.117,@CNN,"RT @ChattyChaplin: @CortesSteve @CNN @donlemon When your tweet has 10Xs more comments than likes, you're doing it wrong, and by ""it"" I mean‚Ä¶",31
32,-0.34,2018-29-03 04:32:50,0.091,0.909,0.0,@CNN,RT @CNN: England's health agency is warning parents to be aware of the signs and symptoms of scarlet fever as infections continue to soar n‚Ä¶,32
33,-0.6597,2018-29-03 04:32:49,0.167,0.833,0.0,@CNN,"RT @CNN: The US military conducted its first airstrike against al Qaeda in Libya on Saturday, killing one of the group's leaders, according‚Ä¶",33
34,0.4303,2018-29-03 04:32:47,0.0,0.849,0.151,@CNN,"RT @DCswampdrainer: @CNN Nunes should not only be defeated, he should be carted off to jail! https://t.co/NNMt4k20ln",34
35,0.5267,2018-29-03 04:32:46,0.0,0.595,0.405,@CNN,@CNN He is a brave young man.,35
36,0.0,2018-29-03 04:32:44,0.0,1.0,0.0,@CNN,@CNN So....who the fk is supplying boko haram with this hardware USA?  Is it you the French or the British? !!!!! Y‚Ä¶ https://t.co/YnoLP265uU,36
37,0.3612,2018-29-03 04:32:44,0.0,0.857,0.143,@CNN,"@CNN Looks like I need to reschedule my UK trip 

 *as if I was going to get any*",37
38,0.6249,2018-29-03 04:32:44,0.0,0.849,0.151,@CNN,@CNN It be great to have a list of those receiving more money from the #NRA so we can make our payment on #MidTerms‚Ä¶ https://t.co/hRPdYUgnNS,38
39,-0.0516,2018-29-03 04:32:44,0.134,0.743,0.124,@CNN,@CNN That looks suspiciously like what Hillary spit up in a glass during one of her coughing fits.,39
40,0.0,2018-29-03 04:32:44,0.0,1.0,0.0,@CNN,RT @CNN: Donations to the NRA tripled in the weeks after the Parkland shooting https://t.co/2E6tfAx4bc,40
41,-0.3147,2018-29-03 04:32:43,0.174,0.719,0.108,@CNN,@CNN @CNNOpinion Every freaking Trump supporter out there must have watched!! #RACISTS #BIGOTS #MISOGYNISTS #HYPOCRITES #ASSCLOWNS,41
42,0.7378,2018-29-03 04:32:43,0.0,0.771,0.229,@CNN,"RT @CNN: Gov. Gary Herbert signed a bill earlier this month that makes it OK for parents to let their children ""free range"" https://t.co/lU‚Ä¶",42
43,0.0,2018-29-03 04:32:42,0.0,1.0,0.0,@CNN,"@CNN ""Schooling lawmakers""",43
44,0.806,2018-29-03 04:32:41,0.0,0.735,0.265,@CNN,"RT @CNN: ""They didn't have to kill him like that. They didn't have to shoot him that many times."" The grandmother of Stephon Clark, the you‚Ä¶",44
45,-0.5106,2018-29-03 04:32:40,0.235,0.765,0.0,@CNN,"RT @OHenryHernandez: @CNN https://t.co/YKYbbVSg2u

[[[ Nunes will face obstruction charges:
""Colluding with White House nullifies congressi‚Ä¶",45
46,0.3612,2018-29-03 04:32:40,0.0,0.828,0.172,@CNN,"@CNN A survivor? You mean was 3 miles away and ""bike rides"" to the school.",46
47,0.0,2018-29-03 04:32:39,0.0,1.0,0.0,@CNN,RT @CNN: The first case of super-resistant gonorrhea has been reported in the UK https://t.co/KfaN4JEx8e https://t.co/CFTlA806Hd,47
48,0.4576,2018-29-03 04:32:39,0.0,0.88,0.12,@CNN,@CNN Very interesting to me how the people once so up in arms about Obama saying he would consider meeting with Ira‚Ä¶ https://t.co/bcwAeLzmWu,48
49,-0.6597,2018-29-03 04:32:38,0.167,0.833,0.0,@CNN,"RT @CNN: The US military conducted its first airstrike against al Qaeda in Libya on Saturday, killing one of the group's leaders, according‚Ä¶",49
50,0.1531,2018-29-03 04:32:37,0.0,0.932,0.068,@CNN,RT @CNN: A Democratic candidate challenging Rep. Devin Nunes in California took in more than $1 million in the first quarter of 2018 https:‚Ä¶,50
51,0.0258,2018-29-03 04:32:37,0.0,0.952,0.048,@CNN,"RT @CNN: The White House calls police shootings of black men a ""local matter"" that ""should be left up to the local authorities"" https://t.c‚Ä¶",51
52,0.0,2018-29-03 04:32:33,0.0,1.0,0.0,@CNN,RT @CNN: Democrats may already be 35% of the way to a House majority https://t.co/Ya3cFVnqud | Analysis by Harry Enten https://t.co/PKanQAj‚Ä¶,52
53,0.0,2018-29-03 04:32:33,0.0,1.0,0.0,@CNN,@CNN ‚ù§Ô∏è‚ù§Ô∏è‚ù§Ô∏è‚ù§Ô∏è,53
54,0.0,2018-29-03 04:32:33,0.0,1.0,0.0,@CNN,RT @CNN: Donations to the NRA tripled in the weeks after the Parkland shooting https://t.co/2E6tfAx4bc,54
55,0.0,2018-29-03 04:32:33,0.0,1.0,0.0,@CNN,"@CNN Watch out people, blacks and Latinos.  They are coming for us. Shall we head for the border?",55
56,0.0,2018-29-03 04:32:32,0.0,1.0,0.0,@CNN,@CNN  https://t.co/eDpor55TtT,56
57,-0.7603,2018-29-03 04:32:31,0.256,0.744,0.0,@CNN,"RT @DjLots3: #FakeNewsCNN- ""Appeals court rules against Trump travel ban""

Should read: ""AND IT MAKES NO DANG DIFFERENCE BECAUSE THE SUPREM‚Ä¶",57
58,0.0,2018-29-03 04:32:31,0.0,1.0,0.0,@CNN,@tvconway953 @AndrewStrait1 @CNN @zbyronwolf Really? They don't? Have you seen the signs at the marches? Have you s‚Ä¶ https://t.co/geqMQopvat,58
59,0.0,2018-29-03 04:32:31,0.0,1.0,0.0,@CNN,"@CNN @RickSantorum There is a reason he was kicked to the curb, and the curb is exactly where he should stay!!!",59
60,0.0,2018-29-03 04:32:31,0.0,1.0,0.0,@CNN,@CNN Stormys pussy,60
61,0.0,2018-29-03 04:32:31,0.0,1.0,0.0,@CNN,"RT @CNN: Hong Kong's ""Frog King"" showcases experimental art at Cattle Depot, a former slaughterhouse turned artists' village https://t.co/v‚Ä¶",61
62,0.1901,2018-29-03 04:32:30,0.0,0.92,0.08,@CNN,"RT @BrotherKeithX: @CortesSteve @CNN @donlemon You're only Hispanic by lineage, but your actions are of those who are White Supremacist Rac‚Ä¶",62
63,-0.4449,2018-29-03 04:32:30,0.155,0.845,0.0,@CNN,@KyleKashuv @JakeOliger @KateBennett_DC Thou shalt not praise the @FoxNews in the presence of a @CNN reporter.  In‚Ä¶ https://t.co/Dc2RyPiA9w,63
64,-0.5884,2018-29-03 04:32:30,0.206,0.737,0.058,@CNN,RT @ElderLansing: So LeBron James supports the March For Our Lies gun grab but in 2014 he and his wife visited Lock and Load gun range in M‚Ä¶,64
65,0.0,2018-29-03 04:32:29,0.0,1.0,0.0,@CNN,"RT @OHenryHernandez: @CNN https://t.co/qicqKE1ogn

[[[ Devin Nunes becomes a nationwide laughingstock after launching #fakenews site
https:‚Ä¶",65
66,0.0,2018-29-03 04:32:29,0.0,1.0,0.0,@CNN,@shmidtBC @q_LaShonda @CNN You'll respond to the gif but none of my actual words. https://t.co/8tlIzWDyeG,66
67,0.4404,2018-29-03 04:32:28,0.0,0.868,0.132,@CNN,@CNN #RickSantorum I  think it would be useful if you learned another trade. You're not going to be a Senator much‚Ä¶ https://t.co/xrSUXCsi40,67
68,0.0,2018-29-03 04:32:28,0.0,1.0,0.0,@CNN,@KatyTurNBC @MSNBC @CNN @AriMelber @JoyAnnReid @CoryBooker @KamalaHarris @FBI @chrislhayes @maddow @PhilMurphyNJ‚Ä¶ https://t.co/zEQz0y0LaR,68
69,0.0,2018-29-03 04:32:27,0.0,1.0,0.0,@CNN,RT @CNN: The first case of super-resistant gonorrhea has been reported in the UK https://t.co/KfaN4JEx8e https://t.co/CFTlA806Hd,69
70,0.0,2018-29-03 04:32:26,0.0,1.0,0.0,@CNN,RT @CNN: The first case of super-resistant gonorrhea has been reported in the UK https://t.co/KfaN4JEx8e https://t.co/CFTlA806Hd,70
71,0.0018,2018-29-03 04:32:24,0.11,0.779,0.111,@CNN,@CNN ü§îwonder where all this money is really coming from? If the majority of Americans support more gun control meas‚Ä¶ https://t.co/u2xOniYGbW,71
72,-0.128,2018-29-03 04:32:22,0.119,0.782,0.099,@CNN,"RT @CNN: Facebook's stock has plunged 18% amid its data scandal, wiping out nearly $80 billion in market value https://t.co/JgPdMMPMwt http‚Ä¶",72
73,-0.9042,2018-29-03 04:32:21,0.505,0.495,0.0,@CNN,@CNN Douchebag kid is a douchebag. Where is the school bully when you need him?,73
74,-0.5984,2018-29-03 04:32:21,0.17,0.83,0.0,@CNN,@CortesSteve @CNN @donlemon You and PARIS DENNARD have to be the most idiotic of all the #trumpsycophant‚Äôs. He will‚Ä¶ https://t.co/xDBqkbm43T,74
75,0.0,2018-29-03 04:32:19,0.0,1.0,0.0,@CNN,RT @CNN: The first case of super-resistant gonorrhea has been reported in the UK https://t.co/KfaN4JEx8e https://t.co/CFTlA806Hd,75
76,-0.5255,2018-29-03 04:32:19,0.298,0.702,0.0,@CNN,@CNN Regulations. This is why we need goddamn regulations!,76
77,0.4588,2018-29-03 04:32:17,0.0,0.857,0.143,@CNN,"RT @OHenryHernandez: @CNN https://t.co/sIiVi7bY1j

[[[ Fox News Favorite, Devin Nunes, Collaborated With Trump‚Äôs White House To Cover Up Tr‚Ä¶",77
78,-0.8398,2018-29-03 04:32:16,0.391,0.609,0.0,@CNN,@RealCandaceO no worries here! America knows @cnn is pathetic and is now basically the national enquirer equivalent.,78
79,-0.3612,2018-29-03 04:32:16,0.102,0.898,0.0,@CNN,RT @sahloul: The videos from Syria incriminate all of humanity; they prove beyond a doubt that policymakers across the world are aware of t‚Ä¶,79
80,0.4588,2018-29-03 04:32:15,0.0,0.667,0.333,@CNN,@CNN I'm glad I wore a condom with @StormyDaniels,80
81,0.7535,2018-29-03 04:32:13,0.0,0.608,0.392,@CNN,@BetaPositiveSA @factnotemo @CNN And here's some free but really good advice https://t.co/fglz9EB4i5,81
82,0.806,2018-29-03 04:32:12,0.0,0.735,0.265,@CNN,"RT @CNN: ""They didn't have to kill him like that. They didn't have to shoot him that many times."" The grandmother of Stephon Clark, the you‚Ä¶",82
83,-0.8779,2018-29-03 04:32:11,0.442,0.558,0.0,@CNN,"@TrumpsMomentum @Ultrastar1970wh @CNN Oh, I‚Äôm sorry, liberals don‚Äôt send death threats over Facebook to the poor ki‚Ä¶ https://t.co/rlso2Ru6fr",83
84,0.25,2018-29-03 04:32:10,0.0,0.833,0.167,@CNN,RT @619SDBOLTS: @therealcornett @karenricks @CNN can only dream about those ratings,84
85,0.0,2018-29-03 04:32:09,0.0,1.0,0.0,@CNN,RT @CNN: The first case of super-resistant gonorrhea has been reported in the UK https://t.co/KfaN4JEx8e https://t.co/CFTlA806Hd,85
86,-0.2023,2018-29-03 04:32:08,0.083,0.917,0.0,@CNN,Kind of strange that they would have an office location there since they barely cover the carnage of minorities kil‚Ä¶ https://t.co/K2ZA4ptVFo,86
87,0.0,2018-29-03 04:32:08,0.0,1.0,0.0,@CNN,"@CNN As a native, let me see your papers.",87
88,0.0,2018-29-03 04:32:06,0.0,1.0,0.0,@CNN,@bobbiemoak @Allbrick55 @DRUDGE @CNN  https://t.co/jn88MTRqtI,88
89,0.0,2018-29-03 04:32:04,0.0,1.0,0.0,@CNN,RT @CNN: The first case of super-resistant gonorrhea has been reported in the UK https://t.co/KfaN4JEx8e https://t.co/CFTlA806Hd,89
90,-0.6662,2018-29-03 04:32:03,0.294,0.562,0.144,@CNN,@CNN Nasty &amp; shameful.  Trump has not hesitated to comment on purely local matters in the past.,90
91,-0.0772,2018-29-03 04:32:02,0.133,0.745,0.122,@CNN,RT @ConservativeTht: CNN Poll: President Trump Grabs Highest Approval Mark Since April 2017. This in spite of non-stop ‚ÄúStormy‚Äù üë©üèº weather‚Ä¶,91
92,-0.6341,2018-29-03 04:32:02,0.41,0.59,0.0,@CNN,@CNN Send this bafoon back to prison!!!,92
93,0.0,2018-29-03 04:32:02,0.0,1.0,0.0,@CNN,RT @CNN: The first case of super-resistant gonorrhea has been reported in the UK https://t.co/KfaN4JEx8e https://t.co/CFTlA806Hd,93
94,-0.0094,2018-29-03 04:32:02,0.118,0.764,0.117,@CNN,"RT @ChattyChaplin: @CortesSteve @CNN @donlemon When your tweet has 10Xs more comments than likes, you're doing it wrong, and by ""it"" I mean‚Ä¶",94
95,0.0,2018-29-03 04:32:01,0.0,1.0,0.0,@CNN,"@ebonibex @JohnWilliamso2 @kfelipe @CNN First of all, why wouldn‚Äôt ‚Äúthe red states‚Äù have such statues? It‚Äôs history‚Ä¶ https://t.co/kwaJtSU5C9",95
96,-0.1027,2018-29-03 04:32:01,0.065,0.935,0.0,@CNN,@CNN So I guess we are just going to pretend that this kid wasnt caught in interviews telling different stories of‚Ä¶ https://t.co/12esm50cHB,96
97,0.0,2018-29-03 04:32:01,0.0,1.0,0.0,@CNN,"RT @CNN: Planned Parenthood is facing a backlash after one of its branches tweeted, and then deleted, a post suggesting Disney should creat‚Ä¶",97
98,-0.2411,2018-29-03 04:32:01,0.179,0.821,0.0,@CNN,@MainGoonerHoon @luchomusol @WontShootUrDog @CNN I'm not a fan of that either.,98
99,-0.5884,2018-29-03 04:32:00,0.206,0.737,0.058,@CNN,RT @ElderLansing: So LeBron James supports the March For Our Lies gun grab but in 2014 he and his wife visited Lock and Load gun range in M‚Ä¶,99
0,0.0,2018-29-03 04:33:19,0.0,1.0,0.0,@FoxNews,RT @FoxNews: .@DevinNunes: ‚ÄúThe Left has continued to say that ‚ÄòThis is Watergate‚Äô and ‚Äò#Trump‚Äôs going to be impeached.‚Äô They‚Äôve continued‚Ä¶,0
1,0.5267,2018-29-03 04:33:19,0.0,0.815,0.185,@FoxNews,"RT @AntonioSabatoJr: Dow spikes nearly 670, biggest one-day point gain since 2008 via the @FoxNews  https://t.co/nPXIVH0woU",1
2,-0.2732,2018-29-03 04:33:18,0.199,0.663,0.138,@FoxNews,RT @funder: Laura Ingraham should be fired from @FoxNews. Retweet if you agree. #FireIngraham,2
3,0.0,2018-29-03 04:33:17,0.0,1.0,0.0,@FoxNews,"RT @DananaMama: @TexiansRbest @FoxNews Check out these hungry handbags üòÇüòÇüòÇ 
@Mo_An2016 @Trumpster4Trump @immigrant_legal",3
4,0.5859,2018-29-03 04:33:17,0.0,0.769,0.231,@FoxNews,@tonodiazti @FoxNews Just make sure you mention the biggest presidential lie ever. ‚ÄúIf you like your insurance/doct‚Ä¶ https://t.co/kTZciV1gxH,4
5,0.0,2018-29-03 04:33:17,0.0,1.0,0.0,@FoxNews,RT @EjHirschberger: As soon as Q Posted this the Fox News Political Page mysteriously went down. #DeepState at @FoxNews ... #MAGA #QAnon #T‚Ä¶,5
6,-0.2732,2018-29-03 04:33:17,0.199,0.663,0.138,@FoxNews,RT @funder: Laura Ingraham should be fired from @FoxNews. Retweet if you agree. #FireIngraham,6
7,0.0,2018-29-03 04:33:16,0.0,1.0,0.0,@FoxNews,"RT @kurteichenwald: Those who say Russia didnt interfere with democratic elections:
1. Putin
2. @RT_com 
3. @SputnikInt 
4. @realDonaldTrum‚Ä¶",7
8,0.4215,2018-29-03 04:33:15,0.0,0.872,0.128,@FoxNews,"RT @RealCandaceO: ‚Äú@realDonaldTrump represents the first opportunity for black Americans to jump off of this ideological slave ship, that i‚Ä¶",8
9,-0.2732,2018-29-03 04:33:13,0.199,0.663,0.138,@FoxNews,RT @funder: Laura Ingraham should be fired from @FoxNews. Retweet if you agree. #FireIngraham,9
10,-0.2755,2018-29-03 04:33:13,0.1,0.9,0.0,@FoxNews,@rcasonr @MedvedSHOW You must be glued to @FoxNews 'cause it doesn't seem like you're aware of revelations that Gat‚Ä¶ https://t.co/pVhPYvoL4m,10
11,0.1027,2018-29-03 04:33:13,0.0,0.909,0.091,@FoxNews,@BrennaSimonSays @christimcdaniel @FoxNews @michellemalkin Why can‚Äôt they just be here legally? All illegals should‚Ä¶ https://t.co/dRluS9j63g,11
12,0.3612,2018-29-03 04:33:13,0.0,0.615,0.385,@FoxNews,@FoxNews @TomiLahren The comedy segment.,12
13,0.0772,2018-29-03 04:33:11,0.0,0.944,0.056,@FoxNews,@GARYLACONIS @FoxNews I‚Äôd buy that statement as long as you don‚Äôt want me to buy the statement that guns and religion go together.,13
14,-0.2732,2018-29-03 04:33:11,0.199,0.663,0.138,@FoxNews,RT @funder: Laura Ingraham should be fired from @FoxNews. Retweet if you agree. #FireIngraham,14
15,0.6841,2018-29-03 04:33:09,0.0,0.812,0.188,@FoxNews,RT @FoxNews: BEAUTIFUL: The non-profit organization Pile of Puppies brought a litter of miniature bull terrier pups to the bedside of a you‚Ä¶,15
16,0.2263,2018-29-03 04:33:07,0.17,0.581,0.249,@FoxNews,@XOflectX @FoxNews @WhiteHouse Wow.  So are you saying some racism is ok?  Cause individualistic or institutionalis‚Ä¶ https://t.co/7AI9lfGc34,16
17,0.0,2018-29-03 04:33:07,0.0,1.0,0.0,@FoxNews,"RT @kurteichenwald: Those who say Russia didnt interfere with democratic elections:
1. Putin
2. @RT_com 
3. @SputnikInt 
4. @realDonaldTrum‚Ä¶",17
18,0.7041,2018-29-03 04:33:06,0.0,0.72,0.28,@FoxNews,@oliverg2014 @FoxNews @brookefoxnews @DNC @CNN Popular vote? Is that a thing now? Like repeal the 2nd Amendment?‚Ä¶ https://t.co/MP0dUfeu9x,18
19,-0.8885,2018-29-03 04:33:06,0.467,0.533,0.0,@FoxNews,RT @FoxNews: Illegal immigrant Luis Bracamontes gets death penalty for slaying 2 California sheriff's deputies https://t.co/t08Kd4PUbq,19
20,0.0,2018-29-03 04:33:06,0.0,1.0,0.0,@FoxNews,RT @FoxNews: .@DevinNunes: ‚ÄúThe Left has continued to say that ‚ÄòThis is Watergate‚Äô and ‚Äò#Trump‚Äôs going to be impeached.‚Äô They‚Äôve continued‚Ä¶,20
21,0.0,2018-29-03 04:33:06,0.0,1.0,0.0,@FoxNews,RT @FoxNews: .@DevinNunes: ‚ÄúThe Left has continued to say that ‚ÄòThis is Watergate‚Äô and ‚Äò#Trump‚Äôs going to be impeached.‚Äô They‚Äôve continued‚Ä¶,21
22,0.6841,2018-29-03 04:33:05,0.0,0.812,0.188,@FoxNews,RT @FoxNews: BEAUTIFUL: The non-profit organization Pile of Puppies brought a litter of miniature bull terrier pups to the bedside of a you‚Ä¶,22
23,-0.4588,2018-29-03 04:33:05,0.222,0.778,0.0,@FoxNews,RT @FoxNews: ‚ÄòAggressive‚Äô passenger may have to pay plane‚Äôs fuel bill after causing emergency landing https://t.co/iUd655KpRC,23
24,0.0772,2018-29-03 04:33:05,0.0,0.939,0.061,@FoxNews,RT @FoxNews: .@TomiLahren on @foxandfriends: ‚ÄúImagine this...If Democrats wanted to regulate our borders even half as much as they want to‚Ä¶,24
25,-0.2732,2018-29-03 04:33:04,0.199,0.663,0.138,@FoxNews,RT @funder: Laura Ingraham should be fired from @FoxNews. Retweet if you agree. #FireIngraham,25
26,0.0,2018-29-03 04:33:03,0.0,1.0,0.0,@FoxNews,RT @immigrant_legal: @dsdraper @davidhogg111 @sleepnumber @ATT @Allstate @esurance @Bayer @RocketMortgage @LibertyMutual @Arbys @TripAdviso‚Ä¶,26
27,-0.2732,2018-29-03 04:33:03,0.188,0.681,0.131,@FoxNews,RT @HYClinton: Laura Ingraham should be fired from @FoxNews. Retweet if you agree. #FireIngraham #rt,27
28,0.3818,2018-29-03 04:33:02,0.0,0.885,0.115,@FoxNews,RT @NanaWithSoul: @rudepundit Dear: @hulu @Wayfair @ATT @Nestle you advertise on Laura Ingraham‚Äôs show on @FoxNews. Do you condone this wom‚Ä¶,28
29,-0.3612,2018-29-03 04:33:02,0.122,0.878,0.0,@FoxNews,"Nxivm cult leader coerced women into sex, branded initials on his ‚Äòslaves,‚Äô authorities say via the @FoxNews App https://t.co/Mzt8rGQgx0",29
30,0.0,2018-29-03 04:33:01,0.0,1.0,0.0,@FoxNews,RT @5Strat: As soon as Q Posted this the Fox News Political Page mysteriously went down. #DeepState at @FoxNews ... #MAGA #QAnon #TQFam #8C‚Ä¶,30
31,0.6841,2018-29-03 04:33:01,0.0,0.812,0.188,@FoxNews,RT @FoxNews: BEAUTIFUL: The non-profit organization Pile of Puppies brought a litter of miniature bull terrier pups to the bedside of a you‚Ä¶,31
32,0.0,2018-29-03 04:32:59,0.0,1.0,0.0,@FoxNews,RT @FoxNews: Carnival Cruise offers Virginia teen a luxurious trip in exchange for his Snapchat handle https://t.co/MP2iL83j83,32
33,-0.2732,2018-29-03 04:32:59,0.188,0.681,0.131,@FoxNews,RT @freeblm: Laura Ingraham should be fired from @FoxNews. Retweet if you agree. #FireIngraham #rt,33
34,0.0,2018-29-03 04:32:59,0.0,1.0,0.0,@FoxNews,@SelfishI @FoxNews Ps: it‚Äôs Kruger not The grocery store you can‚Äôt afford to shop at ‚ÄúKroger‚Äù,34
35,0.6841,2018-29-03 04:32:56,0.0,0.812,0.188,@FoxNews,RT @FoxNews: BEAUTIFUL: The non-profit organization Pile of Puppies brought a litter of miniature bull terrier pups to the bedside of a you‚Ä¶,35
36,0.0,2018-29-03 04:32:54,0.0,1.0,0.0,@FoxNews,@FoxNews 300 YEARS AGO ARRIVED ON AMERICAN SOIL THE FIRST OF THOUSANDS OF CONVICTED FELONS FROM ENGLAND. THEY SQUAT‚Ä¶ https://t.co/hsDI3I0tOH,36
37,-0.4023,2018-29-03 04:32:53,0.252,0.748,0.0,@FoxNews,@micky584 @FoxNews @SteveHiltonx @foxnewsnight Markets aren't free under monopolies,37
38,0.296,2018-29-03 04:32:53,0.0,0.879,0.121,@FoxNews,RT @FoxNews: Graham Allen: ‚ÄúOur rights and our freedoms as Americans are not up for debate.‚Äù https://t.co/AaXj8wLDuv,38
39,0.0,2018-29-03 04:32:52,0.0,1.0,0.0,@FoxNews,"RT @FoxNews: Documents suggest possible coordination between CIA, FBI, Obama WH and Dem officials early in Trump-Russia probe: investigator‚Ä¶",39
40,0.0,2018-29-03 04:32:52,0.0,1.0,0.0,@FoxNews,@DananaMama @TexiansRbest @FoxNews @Trumpster4Trump @immigrant_legal üòÇüòÇüòÇ,40
41,0.296,2018-29-03 04:32:52,0.0,0.879,0.121,@FoxNews,RT @FoxNews: Graham Allen: ‚ÄúOur rights and our freedoms as Americans are not up for debate.‚Äù https://t.co/gQZjLutao0,41
42,0.7184,2018-29-03 04:32:52,0.0,0.769,0.231,@FoxNews,"RT @JohnJamesMI: I have a passion for service, and I'll take that passion with me to the floor of the US Senate &gt;&gt; https://t.co/vtyKiyP6aF‚Ä¶",42
43,0.0,2018-29-03 04:32:52,0.0,1.0,0.0,@FoxNews,@badassbarry @immigrant_legal @davidhogg111 @sleepnumber @ATT @Allstate @esurance @Bayer @RocketMortgage‚Ä¶ https://t.co/tL4mbFPLF0,43
44,0.5411,2018-29-03 04:32:52,0.0,0.741,0.259,@FoxNews,"@FoxNews @darksecretplace He's laughing because California will NEVER execute him, ever!",44
45,-0.2732,2018-29-03 04:32:51,0.199,0.663,0.138,@FoxNews,RT @funder: Laura Ingraham should be fired from @FoxNews. Retweet if you agree. #FireIngraham,45
46,0.0,2018-29-03 04:32:50,0.0,1.0,0.0,@FoxNews,@FoxNews Amazing...and a heart breaking story...,46
47,-0.2732,2018-29-03 04:32:49,0.199,0.663,0.138,@FoxNews,RT @funder: Laura Ingraham should be fired from @FoxNews. Retweet if you agree. #FireIngraham,47
48,0.0,2018-29-03 04:32:48,0.0,1.0,0.0,@FoxNews,The bed wetters @benshapiro @KatiePavlich @RichLowry @stephenfhayes @guypbenson @DanaPerino @JonahNRO The vomit ü§¢ B‚Ä¶ https://t.co/D3za9eDhLh,48
49,0.3252,2018-29-03 04:32:47,0.0,0.808,0.192,@FoxNews,"RT @USA_AllenK: .
Mr. @realDonaldTrump #POTUSTrump @SpeakerRyan @SenateMajLdr

üî¥Don't forget to defund Sanctuary cities
üî¥Don't forget fundi‚Ä¶",49
50,0.0,2018-29-03 04:32:47,0.0,1.0,0.0,@FoxNews,RT @FoxNews: .@DevinNunes: ‚ÄúThe Left has continued to say that ‚ÄòThis is Watergate‚Äô and ‚Äò#Trump‚Äôs going to be impeached.‚Äô They‚Äôve continued‚Ä¶,50
51,-0.0516,2018-29-03 04:32:45,0.056,0.896,0.049,@FoxNews,RT @annamdelaney: the school I go to is silencing me and a very large group of students who want to hold our own little walk out pro-gun. N‚Ä¶,51
52,0.34,2018-29-03 04:32:45,0.0,0.87,0.13,@FoxNews,RT @Chris_1791: Study: Armed security officers are on the rise in US schools https://t.co/UJomGf6Dal via @foxnews https://t.co/bGhsf6g6bm,52
53,-0.4419,2018-29-03 04:32:44,0.152,0.779,0.069,@FoxNews,@FoxNews How about today‚Äôs politicians never go awayüëé Charged with a felony this clown ü§° has the guts to run again ü§∑‚Äç‚ôÇÔ∏è,53
54,0.6841,2018-29-03 04:32:43,0.0,0.812,0.188,@FoxNews,RT @FoxNews: BEAUTIFUL: The non-profit organization Pile of Puppies brought a litter of miniature bull terrier pups to the bedside of a you‚Ä¶,54
55,0.34,2018-29-03 04:32:43,0.0,0.888,0.112,@FoxNews,RT @wallen48: @IngrahamAngle Wasn't that long ago @megynkelly was publicly thanking Roger Ailes on @FoxNews for giving her an opportunity.‚Ä¶,55
56,-0.2732,2018-29-03 04:32:42,0.199,0.663,0.138,@FoxNews,RT @funder: Laura Ingraham should be fired from @FoxNews. Retweet if you agree. #FireIngraham,56
57,0.2516,2018-29-03 04:32:41,0.114,0.705,0.181,@FoxNews,"RT @FoxNews: Dave Harrington, Aliso Viejo mayor: ‚ÄúI kind of wish the attorney general of California took as much interest in the criminal a‚Ä¶",57
58,0.0,2018-29-03 04:32:41,0.0,1.0,0.0,@FoxNews,RT @EjHirschberger: As soon as Q Posted this the Fox News Political Page mysteriously went down. #DeepState at @FoxNews ... #MAGA #QAnon #T‚Ä¶,58
59,0.1796,2018-29-03 04:32:41,0.171,0.614,0.215,@FoxNews,"@FoxNews Sounds very suspicious. May they all rest in peace. Lord, Jesus.",59
60,-0.2732,2018-29-03 04:32:40,0.199,0.663,0.138,@FoxNews,RT @funder: Laura Ingraham should be fired from @FoxNews. Retweet if you agree. #FireIngraham,60
61,0.0,2018-29-03 04:32:40,0.0,1.0,0.0,@FoxNews,"RT @kelliwardaz: #ICYMI @OutnumberedOT: ‚ÄúWhenever we do our census, we are allocating Federal funds...electoral college votes, we‚Äôre alloca‚Ä¶",61
62,0.0,2018-29-03 04:32:38,0.0,1.0,0.0,@FoxNews,RT @CanuckConcerned: #NeverAgain lit up the world yesterday. Now the slog begins. The Press: its yesterday‚Äôs news. @FoxNews will rail. Look‚Ä¶,62
63,-0.2732,2018-29-03 04:32:38,0.199,0.663,0.138,@FoxNews,RT @funder: Laura Ingraham should be fired from @FoxNews. Retweet if you agree. #FireIngraham,63
64,0.0,2018-29-03 04:32:36,0.0,1.0,0.0,@FoxNews,RT @FoxNews: .@michellemalkin on 2020 census to include citizenship question https://t.co/VkfSanaVEp,64
65,-0.6705,2018-29-03 04:32:35,0.2,0.8,0.0,@FoxNews,RT @FoxNews: Wisconsin grain silo avalanche that killed father and son is commonplace on US farms (via @AndrewOReilly84)  https://t.co/r1eS‚Ä¶,65
66,-0.2732,2018-29-03 04:32:35,0.199,0.663,0.138,@FoxNews,RT @funder: Laura Ingraham should be fired from @FoxNews. Retweet if you agree. #FireIngraham,66
67,0.0,2018-29-03 04:32:34,0.0,1.0,0.0,@FoxNews,RT @FoxNews: .@marcthiessen: @realDonaldTrump Must Look Kim 'In the Eye' and Show He's Different From His Predecessors https://t.co/4AGOzpq‚Ä¶,67
68,0.0,2018-29-03 04:32:34,0.0,1.0,0.0,@FoxNews,RT @FoxNews: .@DevinNunes: ‚ÄúThe Left has continued to say that ‚ÄòThis is Watergate‚Äô and ‚Äò#Trump‚Äôs going to be impeached.‚Äô They‚Äôve continued‚Ä¶,68
69,0.0,2018-29-03 04:32:33,0.0,1.0,0.0,@FoxNews,"RT @bakerlarry84: @FoxNews @michellemalkin WHAT IS THE POINT? ""LAST I CHECKED"" I DONT KNOW ANY ILLEGALS THAT OWN HOUSES, SO AS USUAL THIS B‚Ä¶",69
70,0.6841,2018-29-03 04:32:32,0.0,0.812,0.188,@FoxNews,RT @FoxNews: BEAUTIFUL: The non-profit organization Pile of Puppies brought a litter of miniature bull terrier pups to the bedside of a you‚Ä¶,70
71,0.6841,2018-29-03 04:32:32,0.0,0.812,0.188,@FoxNews,RT @FoxNews: BEAUTIFUL: The non-profit organization Pile of Puppies brought a litter of miniature bull terrier pups to the bedside of a you‚Ä¶,71
72,0.0,2018-29-03 04:32:32,0.0,1.0,0.0,@FoxNews,"Retweeted Fox News (@FoxNews):

.@TomiLahren on @foxandfriends: You‚Äôd be surprised...just how many conservatives an‚Ä¶ https://t.co/dGatDFW19z",72
73,-0.34,2018-29-03 04:32:31,0.179,0.821,0.0,@FoxNews,RT @FoxNews: Largest Christian university opens 'sophisticated' gun range for students https://t.co/2fTPPmS4or,73
74,0.2516,2018-29-03 04:32:30,0.114,0.705,0.181,@FoxNews,"RT @FoxNews: Dave Harrington, Aliso Viejo mayor: ‚ÄúI kind of wish the attorney general of California took as much interest in the criminal a‚Ä¶",74
75,-0.4449,2018-29-03 04:32:30,0.155,0.845,0.0,@FoxNews,@KyleKashuv @JakeOliger @KateBennett_DC Thou shalt not praise the @FoxNews in the presence of a @CNN reporter.  In‚Ä¶ https://t.co/Dc2RyPiA9w,75
76,-0.2732,2018-29-03 04:32:30,0.199,0.663,0.138,@FoxNews,RT @funder: Laura Ingraham should be fired from @FoxNews. Retweet if you agree. #FireIngraham,76
77,0.0,2018-29-03 04:32:29,0.0,1.0,0.0,@FoxNews,@McgeeDDD @FoxNews M-i-cccccccc-k-e-yyyyyyyy Why? Because it‚Äôs the trump administration! M-O-U-S-EEEEEE,77
78,0.0,2018-29-03 04:32:29,0.0,1.0,0.0,@FoxNews,RT @FoxNews: .@DevinNunes: ‚ÄúThe Left has continued to say that ‚ÄòThis is Watergate‚Äô and ‚Äò#Trump‚Äôs going to be impeached.‚Äô They‚Äôve continued‚Ä¶,78
79,-0.6369,2018-29-03 04:32:29,0.154,0.846,0.0,@FoxNews,"RT @FoxNews: .@RepGoodlatte on alleged FISA abuse: ""The IG can't look at it from the same perspective that Congress can or from the perspec‚Ä¶",79
80,-0.5574,2018-29-03 04:32:28,0.184,0.816,0.0,@FoxNews,"RT @FoxNews: 'We Must Follow the Law': CA County Publishes Release Times of Inmates, Illegal Immigrants https://t.co/OEqOUmd1zc",80
81,0.3612,2018-29-03 04:32:27,0.0,0.865,0.135,@FoxNews,@hulu_support I'm very concerned that you spend advertising dollars on @FoxNews a corporation that supports the bul‚Ä¶ https://t.co/uw9NYAryMS,81
82,-0.34,2018-29-03 04:32:27,0.179,0.821,0.0,@FoxNews,RT @FoxNews: Largest Christian university opens 'sophisticated' gun range for students https://t.co/2fTPPmS4or,82
83,0.0,2018-29-03 04:32:27,0.0,1.0,0.0,@FoxNews,RT @FoxNews: .@DevinNunes: ‚ÄúThe Left has continued to say that ‚ÄòThis is Watergate‚Äô and ‚Äò#Trump‚Äôs going to be impeached.‚Äô They‚Äôve continued‚Ä¶,83
84,-0.3843,2018-29-03 04:32:26,0.128,0.803,0.069,@FoxNews,RT @FoxNews: .@statedeptspox: ‚ÄúThat Iran nuclear deal did not make the world safer‚Ä¶ it did not stop Iran from all of these horrible actions‚Ä¶,84
85,0.4574,2018-29-03 04:32:26,0.0,0.501,0.499,@FoxNews,@FoxNews @DevinNunes You‚Äôre hilarious!  üòÇ,85
86,-0.0516,2018-29-03 04:32:25,0.07,0.93,0.0,@FoxNews,"@StRegin @FoxNews @DevinNunes @JanzforCongress I'm going to leave the discussion here, Regin. We view the solution‚Ä¶ https://t.co/KfY5If0Fzh",86
87,-0.2732,2018-29-03 04:32:25,0.199,0.663,0.138,@FoxNews,RT @funder: Laura Ingraham should be fired from @FoxNews. Retweet if you agree. #FireIngraham,87
88,0.0772,2018-29-03 04:32:25,0.0,0.933,0.067,@FoxNews,RT @FoxNews: .@TomiLahren on @foxandfriends: You‚Äôd be surprised...just how many conservatives and Americans live in California that want th‚Ä¶,88
89,-0.0516,2018-29-03 04:32:25,0.056,0.896,0.049,@FoxNews,RT @annamdelaney: the school I go to is silencing me and a very large group of students who want to hold our own little walk out pro-gun. N‚Ä¶,89
90,-0.2732,2018-29-03 04:32:24,0.199,0.663,0.138,@FoxNews,RT @funder: Laura Ingraham should be fired from @FoxNews. Retweet if you agree. #FireIngraham,90
91,0.296,2018-29-03 04:32:24,0.0,0.879,0.121,@FoxNews,RT @FoxNews: Graham Allen: ‚ÄúOur rights and our freedoms as Americans are not up for debate.‚Äù https://t.co/gQZjLutao0,91
92,0.0,2018-29-03 04:32:23,0.0,1.0,0.0,@FoxNews,"Retweeted Fox News (@FoxNews):

.@TomiLahren on @foxandfriends: ‚ÄúImagine this...If Democrats wanted to regulate our‚Ä¶ https://t.co/Ev5sod2Dwi",92
93,0.0,2018-29-03 04:32:23,0.0,1.0,0.0,@FoxNews,"@FoxNews @michellemalkin WHAT IS THE POINT? ""LAST I CHECKED"" I DONT KNOW ANY ILLEGALS THAT OWN HOUSES, SO AS USUAL‚Ä¶ https://t.co/7Len71ASYE",93
94,-0.743,2018-29-03 04:32:23,0.709,0.291,0.0,@FoxNews,@dennisnino1 @FoxNews No. Fake hype propaganda,94
95,0.1027,2018-29-03 04:32:22,0.204,0.577,0.219,@FoxNews,"@FoxNews @brookefoxnews If no laws were broken; Coordination and Sharing of Information is Good; to get their Man,‚Ä¶ https://t.co/qpZN4KuUPY",95
96,0.0,2018-29-03 04:32:22,0.0,1.0,0.0,@FoxNews,@FoxNews @cameron_kasky ...what?,96
97,0.0,2018-29-03 04:32:22,0.0,1.0,0.0,@FoxNews,"RT @kurteichenwald: Those who say Russia didnt interfere with democratic elections:
1. Putin
2. @RT_com 
3. @SputnikInt 
4. @realDonaldTrum‚Ä¶",97
98,0.2516,2018-29-03 04:32:22,0.114,0.705,0.181,@FoxNews,"RT @FoxNews: Dave Harrington, Aliso Viejo mayor: ‚ÄúI kind of wish the attorney general of California took as much interest in the criminal a‚Ä¶",98
99,-0.6369,2018-29-03 04:32:21,0.154,0.846,0.0,@FoxNews,"RT @FoxNews: .@RepGoodlatte on alleged FISA abuse: ""The IG can't look at it from the same perspective that Congress can or from the perspec‚Ä¶",99
0,0.0,2018-29-03 04:33:22,0.0,1.0,0.0,@nytimes,"RT @Lawrence: Today‚Äôs @nytimes editorial:

‚ÄúWe live at a time when a porn star displays more credibility and class than a president.‚Äù",0
1,0.1875,2018-29-03 04:33:21,0.0,0.896,0.104,@nytimes,"@maggieNYT @nytimes @therealroseanne @patrickhealynyt So he‚Äôs ok with her disrespecting the national anthem, but of‚Ä¶ https://t.co/VF00Xolc32",1
2,0.0,2018-29-03 04:33:18,0.0,1.0,0.0,@nytimes,"RT @nytimes: Steven Spielberg ""is the only person who could have made this movie and the last person who should have been allowed near the‚Ä¶",2
3,0.0,2018-29-03 04:33:15,0.0,1.0,0.0,@nytimes,RT @msbeatrice_81: The @nytimes included #BurnTheStage in its list of recommendations for what to watch today on US TV/Media! @BTS_twt  htt‚Ä¶,3
4,-0.4019,2018-29-03 04:33:14,0.184,0.816,0.0,@nytimes,"H&amp;M, a Fashion Giant, Has a Problem: $4.3 Billion in Unsold Clothes   via @NYTimes https://t.co/yISHLy4JzL",4
5,-0.8074,2018-29-03 04:33:02,0.368,0.632,0.0,@nytimes,RT @nytimes: A federal judge refused to dismiss a lawsuit accusing President Trump of violating the Constitution by not divorcing himself f‚Ä¶,5
6,0.0,2018-29-03 04:32:59,0.0,1.0,0.0,@nytimes,RT @krupashanker: @DavidCooked1 @abdu_rafiq @monk_asian @pollonine @indunil622 @AungnaingQ @mon_carai @Haqanwar @DrMerle @rejialex7 @akri20‚Ä¶,6
7,0.2263,2018-29-03 04:32:57,0.155,0.627,0.218,@nytimes,"RT @ajrod: While the number of Latinos in this report is depressing low, especially on the leadership side, good for @nytimes on giving suc‚Ä¶",7
8,0.0,2018-29-03 04:32:56,0.0,1.0,0.0,@nytimes,RT @idamaria_pacino: @ioTSC @idampan @idamariapan1 @nytimes @RobertDowneyJr @Disney #idampan #idaTELL #idaPRESS #idaCash #JohnnyCash #TellM‚Ä¶,8
9,-0.6705,2018-29-03 04:32:54,0.251,0.677,0.072,@nytimes,"RT @nytimes: A top Morgan Stanley broker was repeatedly accused of violence against ex-wives and girlfriends. Bank managers were told, but‚Ä¶",9
10,0.6597,2018-29-03 04:32:53,0.0,0.759,0.241,@nytimes,RT @nytimes: Drones and computer vision have confirmed centuries-old Inuit wisdom that a few caribou lead a migration over treacherous ice‚Ä¶,10
11,0.0,2018-29-03 04:32:52,0.0,1.0,0.0,@nytimes,RT @ioTSC: @idampan @idamariapan1 @nytimes @RobertDowneyJr @Disney #idampan #idaTELL #idaHuxley #idaKadokawa #4get #IndioPerez #RDJ #Marvel‚Ä¶,11
12,0.0,2018-29-03 04:32:48,0.0,1.0,0.0,@nytimes,RT @ioTSC: @idampan @idamariapan1 @nytimes @RobertDowneyJr @Disney #idampan #DylanImp #idaJoker #idaBieber #WhatDoYouMean #idaHuxley #Aldou‚Ä¶,12
13,0.0,2018-29-03 04:32:46,0.0,1.0,0.0,@nytimes,RT @ioTSC: @idampan @idamariapan1 @nytimes @RobertDowneyJr @Disney #idampan #idaSMA #idaTELL #idaOrwell #But #IdontWant #comfort #Iwant #po‚Ä¶,13
14,-0.296,2018-29-03 04:32:45,0.167,0.833,0.0,@nytimes,"@LucyForLiberty No I check @AP @Reuters , @TheEconomist @nytimes @washingtonpost @BBCWorld and many more",14
15,0.5719,2018-29-03 04:32:44,0.0,0.817,0.183,@nytimes,"RT @MicrobiomDigest: Hey @nytimes - you could play a huge role in the portrayal of women in science.
How about rewriting this story and act‚Ä¶",15
16,0.2263,2018-29-03 04:32:41,0.223,0.457,0.32,@nytimes,"RT @nytimes: Mireille Knoll, Murdered Holocaust Survivor, Is Honored in Paris https://t.co/CK02eLDlje",16
17,0.3412,2018-29-03 04:32:41,0.0,0.888,0.112,@nytimes,"Liberals cannot fool people that they are not after our guns. @nytimes is proof of nazi tactics. #2A #2ADefenders
https://t.co/JJq7I3LPUi",17
18,0.0,2018-29-03 04:32:40,0.0,1.0,0.0,@nytimes,RT @ioTSC: @idamaria_pacino @ImPAN0 @idamariapan1 @nytimes @RobertDowneyJr @Disney @Marvel @impxyz @idampan @lux_chiara @ac @facebook @Robe‚Ä¶,18
19,-0.4588,2018-29-03 04:32:38,0.212,0.705,0.083,@nytimes,RT @sikandermajid: @nytimes Who would want to defend a serial liar and sexual predator?,19
20,0.0,2018-29-03 04:32:38,0.0,1.0,0.0,@nytimes,RT @ioTSC: @idamaria_pacino @ImPAN0 @idamariapan1 @nytimes @RobertDowneyJr @Disney @Marvel @impxyz @idampan @lux_chiara @ac @facebook @Robe‚Ä¶,20
21,0.0,2018-29-03 04:32:35,0.0,1.0,0.0,@nytimes,RT @idamaria_pacino: @ioTSC @ImPAN0 @idamariapan1 @nytimes @RobertDowneyJr @Disney @Marvel @impxyz @idampan @lux_chiara @ac @facebook #idam‚Ä¶,21
22,0.0129,2018-29-03 04:32:35,0.083,0.831,0.085,@nytimes,"White House Looks to Use Emergency Law to Halt Chinese Investment, via @nytimes
Interesting  but also read USTR
FIN‚Ä¶ https://t.co/zzsNJxcbVN",22
23,0.0,2018-29-03 04:32:33,0.0,1.0,0.0,@nytimes,"RT @rambharatyadav3: #‡§ó‡•ã‡§¶‡•Ä_‡§Æ‡§ø‡§°‡§ø‡§Ø‡§æ
#‡§∏‡§Ç‡§ò‡•Ä_‡§¶‡§≤‡§æ‡§≤
#‡§ú‡•Å‡§Æ‡§≤‡§æ_‡§∏‡§∞‡§ï‡§æ‡§∞
‡§Ö‡§¨ ‡§∏‡•Å‡§®‡•ã ‡§¶‡•á‡§∂ ‡§ï‡•Ä #MannKiBaat

#‡§á‡§µ‡•Ä‡§è‡§Æ_‡§π‡§ü‡§æ‡§ì_‡§¨‡•à‡§≤‡•á‡§ü_‡§≤‡§æ‡§ì 
#‡§µ‡§ø‡§™‡§ï‡•ç‡§∑_‡§è‡§ï_‡§ú‡•Ç‡§ü_‡§Æ‡•ã‡§¶‡•Ä_‡§´‡•Ç‡§ü

#‡§Æ‡§ø‡§∂‡§®‚Ä¶",23
24,-0.6705,2018-29-03 04:32:33,0.251,0.677,0.072,@nytimes,"RT @nytimes: A top Morgan Stanley broker was repeatedly accused of violence against ex-wives and girlfriends. Bank managers were told, but‚Ä¶",24
25,0.0,2018-29-03 04:32:32,0.0,1.0,0.0,@nytimes,RT @ioTSC: @ImPAN0 @idamariapan1 @nytimes @RobertDowneyJr @Disney @Marvel @impxyz @idampan @lux_chiara @ac @facebook #idampan #idaSMA #idaX‚Ä¶,25
26,0.4215,2018-29-03 04:32:31,0.0,0.859,0.141,@nytimes,".@nytimes just released a progress report of sorts, concerning diversity &amp; inclusiveness efforts at The Times. In s‚Ä¶ https://t.co/THMhDVtGW4",26
27,0.0,2018-29-03 04:32:30,0.0,1.0,0.0,@nytimes,RT @ImPAN0: @ioTSC @idamariapan1 @nytimes @RobertDowneyJr @Disney @Marvel @impxyz @idampan @lux_chiara @ac @facebook #idampan #FFFxyz #idaC‚Ä¶,27
28,0.0,2018-29-03 04:32:28,0.0,1.0,0.0,@nytimes,@KatyTurNBC @MSNBC @CNN @AriMelber @JoyAnnReid @CoryBooker @KamalaHarris @FBI @chrislhayes @maddow @PhilMurphyNJ‚Ä¶ https://t.co/zEQz0y0LaR,28
29,0.0,2018-29-03 04:32:27,0.0,1.0,0.0,@nytimes,RT @ImPAN0: @ioTSC @idamariapan1 @nytimes @RobertDowneyJr @Disney @Marvel @impxyz @idampan @lux_chiara @ac @facebook #idampan #idaKhan #RDJ‚Ä¶,29
30,-0.296,2018-29-03 04:32:27,0.268,0.732,0.0,@nytimes,@nytimes @aoscott It‚Äôs a no from me dawg,30
31,0.0,2018-29-03 04:32:25,0.0,1.0,0.0,@nytimes,RT @ImPAN0: @ioTSC @idamariapan1 @nytimes @RobertDowneyJr @Disney @Marvel @impxyz @idampan @lux_chiara @ac @facebook #idampan #idaKhan #Ind‚Ä¶,31
32,0.2263,2018-29-03 04:32:23,0.223,0.457,0.32,@nytimes,"RT @nytimes: Mireille Knoll, Murdered Holocaust Survivor, Is Honored in Paris https://t.co/CK02eLDlje",32
33,0.0,2018-29-03 04:32:17,0.0,1.0,0.0,@nytimes,@nytimes @aoscott  https://t.co/VkySVFwpyw,33
34,0.2263,2018-29-03 04:32:13,0.223,0.457,0.32,@nytimes,"RT @nytimes: Mireille Knoll, Murdered Holocaust Survivor, Is Honored in Paris https://t.co/CK02eLDlje",34
35,0.0,2018-29-03 04:32:13,0.0,1.0,0.0,@nytimes,"""Veterans Affairs Secretary Is Latest to Go as Trump Shakes Up Cabinet"" via @nytimes: https://t.co/3fJdszQ22B #trending #news",35
36,-0.6369,2018-29-03 04:32:13,0.219,0.781,0.0,@nytimes,"""Morgan Stanley Knew of a Star‚Äôs Alleged Abuse. He Still Works There."" via @nytimes: https://t.co/1t7BOsYeg2 #trending #news",36
37,0.0,2018-29-03 04:32:12,0.0,1.0,0.0,@nytimes,"RT @nytimes: Steven Spielberg ""is the only person who could have made this movie and the last person who should have been allowed near the‚Ä¶",37
38,-0.5423,2018-29-03 04:32:12,0.523,0.275,0.202,@nytimes,@jcarper8562 @Uncle_toms @nytimes Warning Idiot Alert,38
39,0.0,2018-29-03 04:32:10,0.0,1.0,0.0,@nytimes,@nytimes @aoscott ÎÖ∏Ïä§ÌÖîÏßÄÏñ¥ÌïòÎ©¥ https://t.co/5qtbq6poTa,39
40,-0.5106,2018-29-03 04:32:08,0.13,0.87,0.0,@nytimes,"RT @drofdem: @nytimes Colbert for the dumb viewers, just wondering how much of donors choose will actually go to teachers,hummm?Has to do s‚Ä¶",40
41,0.0,2018-29-03 04:32:04,0.0,1.0,0.0,@nytimes,RT @nytimes: The Second Avenue subway in NYC cost $2.5 billion per mile of track ‚Äî 5 times more than the international average. The federal‚Ä¶,41
42,-0.0397,2018-29-03 04:32:00,0.107,0.793,0.1,@nytimes,"RT @nytimes: Trevor Noah is not impressed by John Bolton, President Trump's new pick for national security adviser. Our late-night roundup:‚Ä¶",42
43,-0.0258,2018-29-03 04:31:57,0.127,0.751,0.122,@nytimes,The budget deal will add billions to the deficit. What are the benefits ... https://t.co/XRpEJdHvBn via @YouTube‚Ä¶ https://t.co/N5Xu0WbGV6,43
44,0.2263,2018-29-03 04:31:47,0.155,0.627,0.218,@nytimes,"RT @ajrod: While the number of Latinos in this report is depressing low, especially on the leadership side, good for @nytimes on giving suc‚Ä¶",44
45,0.0,2018-29-03 04:31:46,0.0,1.0,0.0,@nytimes,"RT @nytimes: Steven Spielberg ""is the only person who could have made this movie and the last person who should have been allowed near the‚Ä¶",45
46,0.0,2018-29-03 04:31:46,0.0,1.0,0.0,@nytimes,"RT @Lawrence: Today‚Äôs @nytimes editorial:

‚ÄúWe live at a time when a porn star displays more credibility and class than a president.‚Äù",46
47,0.0,2018-29-03 04:31:43,0.0,1.0,0.0,@nytimes,RT @msbeatrice_81: The @nytimes included #BurnTheStage in its list of recommendations for what to watch today on US TV/Media! @BTS_twt  htt‚Ä¶,47
48,0.2263,2018-29-03 04:31:42,0.223,0.457,0.32,@nytimes,"RT @nytimes: Mireille Knoll, Murdered Holocaust Survivor, Is Honored in Paris https://t.co/CK02eLDlje",48
49,-0.5106,2018-29-03 04:31:41,0.155,0.845,0.0,@nytimes,"@nytimes Colbert for the dumb viewers, just wondering how much of donors choose will actually go to teachers,hummm?‚Ä¶ https://t.co/f98hkzPHVS",49
50,-0.296,2018-29-03 04:31:38,0.18,0.82,0.0,@nytimes,"RT @nytimes: Ecuador cuts off Julian Assange‚Äôs internet access. Again.
https://t.co/5rRq2DTGdx",50
51,0.0,2018-29-03 04:31:37,0.0,1.0,0.0,@nytimes,@KatyTurNBC @MSNBC @CNN @AriMelber @JoyAnnReid @CoryBooker @KamalaHarris @FBI @chrislhayes @maddow @PhilMurphyNJ‚Ä¶ https://t.co/CBeBwSI3Ks,51
52,0.0,2018-29-03 04:31:33,0.0,1.0,0.0,@nytimes,"RT @nytimes: Water squirted from toy rubber ducks contains bacteria often associated with infections acquired in hospitals, a study has fou‚Ä¶",52
53,-0.4767,2018-29-03 04:31:26,0.14,0.86,0.0,@nytimes,@nytimes They will have to toss you out to because your news is so made up and fake its rediculous,53
54,0.0,2018-29-03 04:31:24,0.0,1.0,0.0,@nytimes,"RT @Lawrence: Today‚Äôs @nytimes editorial:

‚ÄúWe live at a time when a porn star displays more credibility and class than a president.‚Äù",54
55,0.0,2018-29-03 04:31:22,0.0,1.0,0.0,@nytimes,RT @msbeatrice_81: The @nytimes included #BurnTheStage in its list of recommendations for what to watch today on US TV/Media! @BTS_twt  htt‚Ä¶,55
56,0.5267,2018-29-03 04:31:22,0.0,0.815,0.185,@nytimes,RT @Bella_ofA: Justice Dept. Will Be Investigated Over Surveillance of Trump Campaign Official   via @NYTimes https://t.co/dBSfoG6luT,56
57,0.2263,2018-29-03 04:31:21,0.223,0.457,0.32,@nytimes,"RT @nytimes: Mireille Knoll, Murdered Holocaust Survivor, Is Honored in Paris https://t.co/CK02eLDlje",57
58,0.0,2018-29-03 04:31:17,0.0,1.0,0.0,@nytimes,"RT @Lawrence: Today‚Äôs @nytimes editorial:

‚ÄúWe live at a time when a porn star displays more credibility and class than a president.‚Äù",58
59,-0.9231,2018-29-03 04:31:14,0.406,0.594,0.0,@nytimes,RT @nytimes: The officer was killed after he voluntarily exchanged himself for a female hostage during a terrorist attack in France last we‚Ä¶,59
60,-0.6705,2018-29-03 04:31:10,0.251,0.677,0.072,@nytimes,"RT @nytimes: A top Morgan Stanley broker was repeatedly accused of violence against ex-wives and girlfriends. Bank managers were told, but‚Ä¶",60
61,0.5267,2018-29-03 04:31:06,0.0,0.815,0.185,@nytimes,RT @Bella_ofA: Justice Dept. Will Be Investigated Over Surveillance of Trump Campaign Official   via @NYTimes https://t.co/dBSfoG6luT,61
62,-0.4019,2018-29-03 04:31:06,0.13,0.87,0.0,@nytimes,"RT @nytimes: H&amp;M is a ""fast fashion"" giant. But it has a big problem: A $4.3 billion pile of unsold clothes. https://t.co/wCoI4udh7F",62
63,-0.8625,2018-29-03 04:31:05,0.375,0.625,0.0,@nytimes,RT @nytimes: New police finding in Skripal poisoning case narrows the possibilities for how the victims were sickened https://t.co/8jQNusfh‚Ä¶,63
64,-0.6808,2018-29-03 04:31:04,0.261,0.739,0.0,@nytimes,@nytimes @aoscott I bet the book is a hell of a lot more readable than this review,64
65,-0.6705,2018-29-03 04:31:02,0.251,0.677,0.072,@nytimes,"RT @nytimes: A top Morgan Stanley broker was repeatedly accused of violence against ex-wives and girlfriends. Bank managers were told, but‚Ä¶",65
66,-0.6597,2018-29-03 04:31:02,0.328,0.672,0.0,@nytimes,RT @nytimes: Vietnam '67: The Tragedy of Hubert Humphrey https://t.co/iZCCJ16XAc,66
67,0.6124,2018-29-03 04:30:58,0.0,0.737,0.263,@nytimes,"@graygoods @JeSuisBernie @2020fight @IngrahamAngle @nytimes It‚Äôs just so superficial. I‚Äôve met such cool, smart peo‚Ä¶ https://t.co/Pp2WyBVcFJ",67
68,0.0,2018-29-03 04:30:53,0.0,1.0,0.0,@nytimes,"RT @Lawrence: Today‚Äôs @nytimes editorial:

‚ÄúWe live at a time when a porn star displays more credibility and class than a president.‚Äù",68
69,0.0,2018-29-03 04:30:51,0.0,1.0,0.0,@nytimes,"RT @rambharatyadav3: ‡§Æ‡§æ‡•á‡§¶‡•Ä ‡§ï‡§æ‡•á #‡§¨‡§ß‡§æ‡§à ‡§π‡•ã #‡§≠‡§æ‡§ú‡§™‡§æ_‡§µ‡§ø‡§ß‡§æ‡§Ø‡§ï ‡§∏‡•Å‡§ß‡•Ä‡§∞ ‡§ó‡§æ‡§°‡§ó‡§ø‡§≤ ‡§ï‡•Ä ‡§ï‡§æ‡§∞ ‡§∏‡•á #‡§¨‡•Ä‡§∏_‡§π‡§ú‡§æ‡§∞_‡§ï‡§∞‡§æ‡•á‡§°‡§º ‡§ï‡•Ä #‡§®‡§à_‡§ï‡§∞‡§Ç‡§∏‡•Ä ‡§™‡§ï‡§°‡§º‡•Ä ‡§ó‡§à
‡§∏‡§æ‡§∞‡§æ ‡§™‡•à‡§∏‡§æ #‡§ï‡§∞‡•ç‡§®‡§æ‡§ü‡§ï_‡§ö‡•Å‡§®‡§æ‚Ä¶",69
70,0.0,2018-29-03 04:30:51,0.0,1.0,0.0,@nytimes,RT @jgarrett441: @GonzaBear @cameron_kasky @Walmart @WalmartToday @walmarthelp @WalmartNewsroom @WalmartAction @WalmartCanada @AMarch4OurLi‚Ä¶,70
71,0.0,2018-29-03 04:30:50,0.0,1.0,0.0,@nytimes,How to Turn Your Renovation Into a Vacation   via @NYTimes https://t.co/kNOP0jW6Oj,71
72,-0.296,2018-29-03 04:30:49,0.136,0.864,0.0,@nytimes,RT @nytimes: All the major firings and resignations in the Trump administration ‚Äî so far https://t.co/SBd0eoufFP,72
73,0.128,2018-29-03 04:30:48,0.148,0.671,0.181,@nytimes,Missing soldier needs our help.  @ABC @nytimes @BostonGlobe @theobserver @NBCNewYork @CBSNews https://t.co/28REhBy993,73
74,0.3182,2018-29-03 04:30:48,0.0,0.901,0.099,@nytimes,"RT @nytimes: Under Ben Carson, HUD is attempting to scale back federal efforts to enforce fair housing laws, sidelining officials who have‚Ä¶",74
75,-0.8625,2018-29-03 04:30:47,0.375,0.625,0.0,@nytimes,RT @nytimes: New police finding in Skripal poisoning case narrows the possibilities for how the victims were sickened https://t.co/8jQNusfh‚Ä¶,75
76,0.4201,2018-29-03 04:30:45,0.0,0.823,0.177,@nytimes,@maggieNYT @nytimes @therealroseanne @patrickhealynyt sounds more like potus patting and congratulating himself on‚Ä¶ https://t.co/g2FkdDWGpM,76
77,0.0772,2018-29-03 04:30:39,0.157,0.641,0.203,@nytimes,"RT @nytimes: Thousands gathered in Paris to honor Mireille Knoll, an 85-year-old grandmother and Holocaust survivor who was murdered last w‚Ä¶",77
78,0.5719,2018-29-03 04:30:33,0.0,0.817,0.183,@nytimes,"RT @MicrobiomDigest: Hey @nytimes - you could play a huge role in the portrayal of women in science.
How about rewriting this story and act‚Ä¶",78
79,0.0,2018-29-03 04:30:32,0.0,1.0,0.0,@nytimes,RT @JeSuisBernie: @veggie64_leslie @graygoods @2020fight @IngrahamAngle @nytimes https://t.co/q1w00Lx3iH,79
80,0.0,2018-29-03 04:30:31,0.0,1.0,0.0,@nytimes,@GonzaBear @cameron_kasky @Walmart @WalmartToday @walmarthelp @WalmartNewsroom @WalmartAction @WalmartCanada‚Ä¶ https://t.co/bwBuhMKYhY,80
81,0.3182,2018-29-03 04:30:26,0.0,0.901,0.099,@nytimes,"RT @nytimes: Under Ben Carson, HUD is attempting to scale back federal efforts to enforce fair housing laws, sidelining officials who have‚Ä¶",81
82,0.3182,2018-29-03 04:30:24,0.0,0.901,0.099,@nytimes,"RT @nytimes: Under Ben Carson, HUD is attempting to scale back federal efforts to enforce fair housing laws, sidelining officials who have‚Ä¶",82
83,0.0,2018-29-03 04:30:24,0.0,1.0,0.0,@nytimes,@nytimes https://t.co/oCmxtGCkUW,83
84,0.3182,2018-29-03 04:30:23,0.0,0.901,0.099,@nytimes,"RT @nytimes: Under Ben Carson, HUD is attempting to scale back federal efforts to enforce fair housing laws, sidelining officials who have‚Ä¶",84
85,-0.6705,2018-29-03 04:30:21,0.251,0.677,0.072,@nytimes,"RT @nytimes: A top Morgan Stanley broker was repeatedly accused of violence against ex-wives and girlfriends. Bank managers were told, but‚Ä¶",85
86,0.8398,2018-29-03 04:30:20,0.0,0.667,0.333,@nytimes,"@nytimes Of course it did! With all the ""in the closet Trump supporters"" and the proud ones who support him...‚Ä¶ https://t.co/8dT2xn4w1T",86
87,0.2263,2018-29-03 04:30:20,0.223,0.457,0.32,@nytimes,"RT @nytimes: Mireille Knoll, Murdered Holocaust Survivor, Is Honored in Paris https://t.co/CK02eLDlje",87
88,-0.0085,2018-29-03 04:30:18,0.148,0.706,0.146,@nytimes,Trump‚Äôs ABRUPT twitter firings &amp; impulsive selections indicates NO JOB is safe @MSNBC @CNNPolitics @washingtonpost‚Ä¶ https://t.co/r2a36eWSTP,88
89,0.0,2018-29-03 04:30:17,0.0,1.0,0.0,@nytimes,"RT @nytimes: Steven Spielberg ""is the only person who could have made this movie and the last person who should have been allowed near the‚Ä¶",89
90,-0.296,2018-29-03 04:30:15,0.136,0.864,0.0,@nytimes,@nytimes Here is how you beat this. Everyone answer no unless you are Native American.,90
91,0.0,2018-29-03 04:30:11,0.0,1.0,0.0,@nytimes,@KatyTurNBC @MSNBC @CNN @AriMelber @JoyAnnReid @CoryBooker @KamalaHarris @FBI @chrislhayes @maddow @PhilMurphyNJ‚Ä¶ https://t.co/3kBW2AP4lP,91
92,0.0,2018-29-03 04:30:07,0.0,1.0,0.0,@nytimes,https://t.co/xFMcNXRMcB¬†¬†@eBay @youtube  @cnn @BBCBreaking @google @BBCWorld @twitter @cnnbrk @nytimes‚Ä¶ https://t.co/Rd8RHkGVsq,92
93,0.0,2018-29-03 04:30:07,0.0,1.0,0.0,@nytimes,https://t.co/xFMcNXRMcB¬†¬†@eBay @youtube  @cnn @BBCBreaking @google @BBCWorld @twitter @cnnbrk @nytimes‚Ä¶ https://t.co/e0YWdQL1DL,93
94,-0.6705,2018-29-03 04:30:05,0.251,0.677,0.072,@nytimes,"RT @nytimes: A top Morgan Stanley broker was repeatedly accused of violence against ex-wives and girlfriends. Bank managers were told, but‚Ä¶",94
95,0.0,2018-29-03 04:30:05,0.0,1.0,0.0,@nytimes,.@nytimes https://t.co/4pGo9m7bUP,95
96,0.3818,2018-29-03 04:30:00,0.0,0.843,0.157,@nytimes,"@renato_mariotti @nytimes @Comey Another lie, that Comey said DT wentbto ‚Äúgreat lengths‚Äù to protect Flynn.",96
97,-0.5267,2018-29-03 04:30:00,0.195,0.805,0.0,@nytimes,Via @nytimes: Op-Ed Contributor: David J. Shulkin: Privatizing the V.A. Will Hurt Veterans https://t.co/KBRoRTlnmx https://t.co/RdRJDrioBw,97
98,0.0,2018-29-03 04:29:55,0.0,1.0,0.0,@nytimes,RT @nytimes: The Second Avenue subway in NYC cost $2.5 billion per mile of track ‚Äî 5 times more than the international average. The federal‚Ä¶,98
99,-0.6705,2018-29-03 04:29:54,0.234,0.766,0.0,@nytimes,@nytimes He is apparently a terrible person in his personal life. But is this a legitimate reason to fire people? W‚Ä¶ https://t.co/6lJTCXQTIt,99
